Sample()	SampleTime(Date)	V1/X/E(cm/s)	V2/Y/N(cm/s)	V3/Z/U(cm/s)	Corr1(%)	Corr2(%)	Corr3(%)	Speed(cm/s)	Direction(deg)	MeanVel(cm/s)	MeanCorr(%)
12727	17-10-2025 2:52:54	18.68000	1.45000	-2.37000	92.00000	91.00000	87.00000	18.73619	85.56142	5.92000	90.00000
12728	17-10-2025 2:52:54	16.10000	6.39000	-2.88000	91.00000	73.00000	95.00000	17.32172	68.35215	6.53667	86.33333
12729	17-10-2025 2:52:54	15.14000	6.24000	-2.20000	85.00000	79.00000	88.00000	16.37551	67.60083	6.39333	84.00000
12730	17-10-2025 2:52:54	17.34000	4.51000	-2.00000	94.00000	73.00000	90.00000	17.91691	75.42083	6.61667	85.66667
12731	17-10-2025 2:52:54	17.70000	5.08000	-1.13000	92.00000	86.00000	97.00000	18.41457	73.98622	7.21667	91.66667
12732	17-10-2025 2:52:54	18.32000	2.79000	-0.83000	94.00000	85.00000	90.00000	18.53123	81.34081	6.76000	89.66667
12733	17-10-2025 2:52:54	17.61000	3.30000	-0.69000	94.00000	87.00000	96.00000	17.91653	79.38624	6.74000	92.33333
12734	17-10-2025 2:52:54	15.56000	6.91000	0.12000	96.00000	69.00000	98.00000	17.02532	66.05460	7.53000	87.66667
12735	17-10-2025 2:52:54	16.66000	3.32000	0.16000	93.00000	84.00000	96.00000	16.98758	78.72976	6.71333	91.00000
12736	17-10-2025 2:52:54	17.65000	2.30000	1.36000	87.00000	95.00000	94.00000	17.79923	82.57553	7.10333	92.00000
12737	17-10-2025 2:52:54	16.28000	2.59000	1.57000	94.00000	91.00000	98.00000	16.48474	80.96052	6.81333	94.33333
12738	17-10-2025 2:52:54	16.94000	1.77000	1.82000	94.00000	89.00000	98.00000	17.03222	84.03501	6.84333	93.66667
12739	17-10-2025 2:52:54	17.85000	-0.17000	2.31000	92.00000	94.00000	98.00000	17.85081	90.54566	6.66333	94.66667
12740	17-10-2025 2:52:54	16.97000	-0.77000	2.27000	94.00000	95.00000	95.00000	16.98746	92.59797	6.15667	94.66667
12741	17-10-2025 2:52:55	18.36000	-0.79000	1.63000	92.00000	95.00000	95.00000	18.37699	92.46382	6.40000	94.00000
12742	17-10-2025 2:52:55	18.11000	-0.19000	1.18000	88.00000	86.00000	96.00000	18.11100	90.60109	6.36667	90.00000
12743	17-10-2025 2:52:55	17.05000	-0.66000	1.29000	94.00000	87.00000	94.00000	17.06277	92.21679	5.89333	91.66667
12744	17-10-2025 2:52:55	16.48000	0.93000	0.42000	94.00000	79.00000	94.00000	16.50622	86.77011	5.94333	89.00000
12745	17-10-2025 2:52:55	16.10000	0.30000	-0.61000	92.00000	83.00000	95.00000	16.10279	88.93250	5.26333	90.00000
12746	17-10-2025 2:52:55	15.58000	-1.56000	0.87000	89.00000	89.00000	92.00000	15.65791	95.71788	4.96333	90.00000
12747	17-10-2025 2:52:55	13.63000	0.92000	1.78000	95.00000	68.00000	96.00000	13.66101	86.13850	5.44333	86.33333
12748	17-10-2025 2:52:55	14.70000	2.42000	2.94000	88.00000	86.00000	91.00000	14.89787	80.65149	6.68667	88.33333
12749	17-10-2025 2:52:55	15.00000	1.51000	4.02000	86.00000	87.00000	96.00000	15.07581	84.25159	6.84333	89.66667
12750	17-10-2025 2:52:55	17.93000	-1.46000	4.72000	93.00000	94.00000	94.00000	17.98934	94.65520	7.06333	93.66667
12751	17-10-2025 2:52:55	18.10000	-2.06000	3.94000	88.00000	94.00000	98.00000	18.21685	96.49302	6.66000	93.33333
12752	17-10-2025 2:52:55	18.33000	-1.58000	3.60000	91.00000	95.00000	98.00000	18.39797	94.92657	6.78333	94.66667
12753	17-10-2025 2:52:55	17.83000	-1.40000	3.73000	91.00000	93.00000	98.00000	17.88488	94.48962	6.72000	94.00000
12754	17-10-2025 2:52:55	18.57000	-0.54000	2.34000	93.00000	93.00000	96.00000	18.57785	91.66564	6.79000	94.00000
12755	17-10-2025 2:52:55	17.71000	1.83000	1.68000	94.00000	82.00000	98.00000	17.80430	84.10048	7.07333	91.33333
12756	17-10-2025 2:52:55	19.44000	3.30000	0.93000	95.00000	91.00000	98.00000	19.71810	80.36570	7.89000	94.66667
12757	17-10-2025 2:52:55	19.16000	-0.02000	0.75000	90.00000	89.00000	95.00000	19.16001	90.05981	6.63000	91.33333
12758	17-10-2025 2:52:55	19.79000	0.56000	-0.24000	93.00000	86.00000	94.00000	19.79792	88.37913	6.70333	91.00000
12759	17-10-2025 2:52:55	17.17000	3.61000	-1.02000	96.00000	81.00000	94.00000	17.54540	78.12648	6.58667	90.33333
12760	17-10-2025 2:52:55	17.58000	4.99000	0.52000	87.00000	85.00000	90.00000	18.27448	74.15366	7.69667	87.33333
12761	17-10-2025 2:52:55	17.93000	2.65000	0.65000	95.00000	92.00000	95.00000	18.12477	81.59272	7.07667	94.00000
12762	17-10-2025 2:52:55	18.84000	2.65000	1.15000	89.00000	96.00000	93.00000	19.02546	81.99341	7.54667	92.66667
12763	17-10-2025 2:52:55	18.70000	2.27000	1.68000	94.00000	93.00000	98.00000	18.83727	83.07871	7.55000	95.00000
12764	17-10-2025 2:52:55	18.84000	4.03000	1.28000	92.00000	86.00000	96.00000	19.26620	77.92601	8.05000	91.33333
12765	17-10-2025 2:52:55	18.72000	4.14000	1.64000	90.00000	96.00000	92.00000	19.17232	77.52954	8.16667	92.66667
12766	17-10-2025 2:52:55	19.61000	1.10000	3.53000	87.00000	91.00000	97.00000	19.64083	86.78942	8.08000	91.66667
12767	17-10-2025 2:52:55	18.03000	3.12000	2.58000	93.00000	88.00000	97.00000	18.29796	80.18248	7.91000	92.66667
12768	17-10-2025 2:52:55	19.14000	4.96000	2.92000	85.00000	94.00000	98.00000	19.77223	75.47178	9.00667	92.33333
12769	17-10-2025 2:52:55	16.90000	4.77000	3.82000	90.00000	80.00000	94.00000	17.56026	74.23836	8.49667	88.00000
12770	17-10-2025 2:52:55	18.23000	1.76000	3.53000	91.00000	91.00000	98.00000	18.31476	84.48552	7.84000	93.33333
12771	17-10-2025 2:52:55	18.50000	0.84000	3.16000	91.00000	94.00000	98.00000	18.51906	87.40025	7.50000	94.33333
12772	17-10-2025 2:52:55	17.97000	1.22000	1.83000	88.00000	79.00000	96.00000	18.01137	86.11610	7.00667	87.66667
12773	17-10-2025 2:52:55	18.73000	3.24000	0.94000	88.00000	84.00000	89.00000	19.00817	80.18584	7.63667	87.00000
12774	17-10-2025 2:52:55	19.65000	-0.87000	-0.20000	84.00000	89.00000	90.00000	19.66925	92.53510	6.19333	87.66667
12775	17-10-2025 2:52:55	19.17000	1.79000	0.05000	91.00000	92.00000	93.00000	19.25339	84.66547	7.00333	92.00000
12776	17-10-2025 2:52:55	18.02000	1.34000	1.05000	89.00000	94.00000	95.00000	18.06975	85.74721	6.80333	92.66667
12777	17-10-2025 2:52:55	18.17000	-0.28000	1.18000	92.00000	94.00000	95.00000	18.17216	90.88286	6.35667	93.66667
12778	17-10-2025 2:52:55	16.53000	-1.18000	0.56000	91.00000	88.00000	93.00000	16.57206	94.08315	5.30333	90.66667
12779	17-10-2025 2:52:55	17.08000	2.58000	-0.58000	95.00000	92.00000	93.00000	17.27376	81.41019	6.36000	93.33333
12780	17-10-2025 2:52:56	17.59000	1.98000	0.46000	82.00000	75.00000	85.00000	17.70109	83.57759	6.67667	80.66667
12781	17-10-2025 2:52:56	20.80000	-0.98000	2.17000	89.00000	85.00000	91.00000	20.82307	92.69752	7.33000	88.33333
12782	17-10-2025 2:52:56	19.42000	0.44000	2.08000	94.00000	86.00000	96.00000	19.42498	88.70207	7.31333	92.00000
12783	17-10-2025 2:52:56	19.70000	3.19000	2.29000	86.00000	90.00000	97.00000	19.95661	80.80199	8.39333	91.00000
12784	17-10-2025 2:52:56	19.21000	2.42000	2.78000	92.00000	86.00000	97.00000	19.36183	82.81993	8.13667	91.66667
12785	17-10-2025 2:52:56	17.31000	3.62000	2.87000	88.00000	90.00000	97.00000	17.68447	78.18810	7.93333	91.66667
12786	17-10-2025 2:52:56	18.04000	4.15000	1.79000	89.00000	86.00000	94.00000	18.51119	77.04482	7.99333	89.66667
12787	17-10-2025 2:52:56	17.14000	0.54000	1.89000	91.00000	93.00000	97.00000	17.14850	88.19548	6.52333	93.66667
12788	17-10-2025 2:52:56	17.77000	0.07000	0.52000	88.00000	95.00000	84.00000	17.77014	89.77430	6.12000	89.00000
12789	17-10-2025 2:52:56	15.26000	2.91000	-1.66000	72.00000	88.00000	80.00000	15.53498	79.20363	5.50333	80.00000
12790	17-10-2025 2:52:56	18.39000	2.22000	-2.88000	98.00000	91.00000	90.00000	18.52351	83.11669	5.91000	93.00000
12791	17-10-2025 2:52:56	19.49000	1.62000	-3.57000	94.00000	79.00000	89.00000	19.55721	85.24852	5.84667	87.33333
12792	17-10-2025 2:52:56	20.41000	3.71000	-3.16000	86.00000	81.00000	90.00000	20.74445	79.69762	6.98667	85.66667
12793	17-10-2025 2:52:56	18.60000	3.14000	-3.24000	90.00000	85.00000	89.00000	18.86318	80.41783	6.16667	88.00000
12794	17-10-2025 2:52:56	17.82000	5.48000	-2.31000	96.00000	91.00000	93.00000	18.64357	72.90631	6.99667	93.33333
12795	17-10-2025 2:52:56	18.59000	4.42000	-2.70000	93.00000	80.00000	90.00000	19.10823	76.62556	6.77000	87.66667
12796	17-10-2025 2:52:56	18.29000	-0.32000	-3.23000	95.00000	73.00000	84.00000	18.29280	91.00234	4.91333	84.00000
12797	17-10-2025 2:52:56	14.40000	1.92000	-1.02000	68.00000	73.00000	84.00000	14.52744	82.40536	5.10000	75.00000
12798	17-10-2025 2:52:56	20.89000	-0.79000	1.67000	83.00000	92.00000	92.00000	20.90493	92.16573	7.25667	89.00000
12799	17-10-2025 2:52:56	19.94000	-1.04000	0.89000	90.00000	90.00000	92.00000	19.96710	92.98564	6.59667	90.66667
12800	17-10-2025 2:52:56	21.71000	-1.29000	-1.15000	92.00000	84.00000	96.00000	21.74829	93.40050	6.42333	90.66667
12801	17-10-2025 2:52:56	21.54000	0.66000	-1.83000	93.00000	86.00000	92.00000	21.55011	88.24497	6.79000	90.33333
12802	17-10-2025 2:52:56	20.94000	1.02000	-1.65000	91.00000	80.00000	95.00000	20.96483	87.21129	6.77000	88.66667
12803	17-10-2025 2:52:56	18.43000	2.88000	-1.87000	91.00000	70.00000	97.00000	18.65367	81.11839	6.48000	86.00000
12804	17-10-2025 2:52:56	16.51000	3.31000	-1.63000	94.00000	77.00000	86.00000	16.83853	78.66337	6.06333	85.66667
12805	17-10-2025 2:52:56	15.71000	3.36000	-0.44000	87.00000	71.00000	88.00000	16.06530	77.92766	6.21000	82.00000
12806	17-10-2025 2:52:56	18.17000	-0.26000	1.39000	87.00000	94.00000	82.00000	18.17186	90.81981	6.43333	87.66667
12807	17-10-2025 2:52:56	18.81000	-3.34000	2.24000	91.00000	91.00000	97.00000	19.10423	100.06879	5.90333	93.00000
12808	17-10-2025 2:52:56	18.80000	-1.00000	1.22000	92.00000	92.00000	94.00000	18.82658	93.04478	6.34000	92.66667
12809	17-10-2025 2:52:56	18.03000	0.31000	0.24000	90.00000	88.00000	94.00000	18.03266	89.01498	6.19333	90.66667
12810	17-10-2025 2:52:56	16.93000	2.53000	-0.14000	91.00000	80.00000	96.00000	17.11800	81.50068	6.44000	89.00000
12811	17-10-2025 2:52:56	18.03000	1.23000	1.01000	86.00000	89.00000	95.00000	18.07191	86.09735	6.75667	90.00000
12812	17-10-2025 2:52:56	17.05000	-1.67000	0.36000	92.00000	87.00000	90.00000	17.13159	95.59412	5.24667	89.66667
12813	17-10-2025 2:52:56	16.62000	-0.10000	-0.62000	95.00000	84.00000	93.00000	16.62030	90.34474	5.30000	90.66667
12814	17-10-2025 2:52:56	16.41000	0.67000	-0.53000	85.00000	84.00000	82.00000	16.42367	87.66198	5.51667	83.66667
12815	17-10-2025 2:52:56	16.37000	-0.86000	1.24000	79.00000	91.00000	91.00000	16.39257	93.00728	5.58333	87.00000
12816	17-10-2025 2:52:56	20.25000	1.04000	3.13000	70.00000	73.00000	92.00000	20.27669	87.05999	8.14000	78.33333
12817	17-10-2025 2:52:56	22.24000	-2.59000	3.98000	83.00000	88.00000	88.00000	22.39030	96.64256	7.87667	86.33333
12818	17-10-2025 2:52:56	19.67000	-2.30000	2.02000	81.00000	93.00000	89.00000	19.80401	96.66927	6.46333	87.66667
12819	17-10-2025 2:52:56	19.01000	-0.33000	1.56000	85.00000	87.00000	90.00000	19.01286	90.99451	6.74667	87.33333
12820	17-10-2025 2:52:56	17.48000	-0.79000	0.21000	85.00000	87.00000	90.00000	17.49784	92.58769	5.63333	87.33333
12821	17-10-2025 2:52:57	18.45000	-3.46000	-0.13000	92.00000	76.00000	92.00000	18.77163	100.62153	4.95333	86.66667
12822	17-10-2025 2:52:57	15.33000	-1.31000	0.58000	93.00000	90.00000	95.00000	15.38587	94.88425	4.86667	92.66667
12823	17-10-2025 2:52:57	16.62000	-1.64000	0.46000	93.00000	86.00000	93.00000	16.70072	95.63549	5.14667	90.66667
12824	17-10-2025 2:52:57	16.42000	-3.04000	0.68000	95.00000	88.00000	92.00000	16.69904	100.48898	4.68667	91.66667
12825	17-10-2025 2:52:57	15.69000	3.08000	-0.79000	85.00000	89.00000	92.00000	15.98945	78.89387	5.99333	88.66667
12826	17-10-2025 2:52:57	19.10000	2.96000	-0.56000	93.00000	79.00000	95.00000	19.32800	81.19073	7.16667	89.00000
12827	17-10-2025 2:52:57	18.88000	-0.93000	0.03000	85.00000	80.00000	88.00000	18.90289	92.82002	5.99333	84.33333
12828	17-10-2025 2:52:57	20.53000	-0.54000	1.18000	90.00000	90.00000	97.00000	20.53710	91.50670	7.05667	92.33333
12829	17-10-2025 2:52:57	20.55000	1.77000	0.19000	91.00000	89.00000	94.00000	20.62609	85.07718	7.50333	91.33333
12830	17-10-2025 2:52:57	20.43000	3.30000	-0.61000	95.00000	90.00000	97.00000	20.69480	80.82443	7.70667	94.00000
12831	17-10-2025 2:52:57	19.31000	5.05000	0.10000	97.00000	91.00000	94.00000	19.95942	75.34410	8.15333	94.00000
12832	17-10-2025 2:52:57	20.02000	4.58000	-0.08000	95.00000	94.00000	95.00000	20.53721	77.11412	8.17333	94.66667
12833	17-10-2025 2:52:57	19.11000	4.38000	0.01000	93.00000	88.00000	94.00000	19.60552	77.09081	7.83333	91.66667
12834	17-10-2025 2:52:57	19.45000	5.28000	-0.23000	95.00000	92.00000	95.00000	20.15393	74.81220	8.16667	94.00000
12835	17-10-2025 2:52:57	19.91000	4.64000	-0.98000	95.00000	93.00000	91.00000	20.44352	76.88144	7.85667	93.00000
12836	17-10-2025 2:52:57	20.37000	1.69000	-0.21000	88.00000	94.00000	92.00000	20.43999	85.25731	7.28333	91.33333
12837	17-10-2025 2:52:57	20.33000	0.21000	0.36000	93.00000	88.00000	92.00000	20.33108	89.40818	6.96667	91.00000
12838	17-10-2025 2:52:57	19.62000	1.45000	0.34000	93.00000	95.00000	95.00000	19.67351	85.77329	7.13667	94.33333
12839	17-10-2025 2:52:57	17.79000	2.27000	0.03000	95.00000	88.00000	97.00000	17.93424	82.72837	6.69667	93.33333
12840	17-10-2025 2:52:57	18.21000	3.18000	-0.47000	96.00000	91.00000	96.00000	18.48558	80.09436	6.97333	94.33333
12841	17-10-2025 2:52:57	17.48000	3.12000	-0.98000	98.00000	97.00000	97.00000	17.75626	79.87987	6.54000	97.33333
12842	17-10-2025 2:52:57	17.76000	3.40000	-0.94000	95.00000	91.00000	96.00000	18.08252	79.16234	6.74000	94.00000
12843	17-10-2025 2:52:57	17.61000	3.72000	-0.65000	95.00000	88.00000	96.00000	17.99863	78.07199	6.89333	93.00000
12844	17-10-2025 2:52:57	17.89000	5.47000	0.37000	87.00000	89.00000	93.00000	18.70757	72.99860	7.91000	89.66667
12845	17-10-2025 2:52:57	19.14000	2.15000	1.31000	86.00000	93.00000	92.00000	19.26038	83.59082	7.53333	90.33333
12846	17-10-2025 2:52:57	20.42000	-1.03000	1.83000	93.00000	94.00000	97.00000	20.44596	92.88759	7.07333	94.66667
12847	17-10-2025 2:52:57	19.69000	0.96000	1.39000	96.00000	90.00000	94.00000	19.71339	87.20871	7.34667	93.33333
12848	17-10-2025 2:52:57	18.83000	4.46000	0.42000	94.00000	93.00000	95.00000	19.35098	76.67471	7.90333	94.00000
12849	17-10-2025 2:52:57	19.65000	2.39000	0.79000	89.00000	91.00000	93.00000	19.79481	83.06526	7.61000	91.00000
12850	17-10-2025 2:52:57	18.96000	1.93000	0.79000	94.00000	92.00000	95.00000	19.05798	84.18770	7.22667	93.66667
12851	17-10-2025 2:52:57	19.74000	-0.13000	0.64000	94.00000	90.00000	94.00000	19.74043	90.37732	6.75000	92.66667
12852	17-10-2025 2:52:57	18.28000	2.01000	-0.04000	93.00000	91.00000	94.00000	18.39017	83.72518	6.75000	92.66667
12853	17-10-2025 2:52:57	17.89000	1.83000	-0.25000	93.00000	95.00000	96.00000	17.98335	84.15943	6.49000	94.66667
12854	17-10-2025 2:52:57	19.07000	0.92000	-0.17000	95.00000	94.00000	95.00000	19.09218	87.23800	6.60667	94.66667
12855	17-10-2025 2:52:57	18.80000	2.20000	0.29000	96.00000	91.00000	98.00000	18.92829	83.32553	7.09667	95.00000
12856	17-10-2025 2:52:57	19.45000	2.07000	0.02000	93.00000	94.00000	92.00000	19.55984	83.92506	7.18000	93.00000
12857	17-10-2025 2:52:57	17.10000	4.36000	-0.08000	96.00000	89.00000	97.00000	17.64709	75.69602	7.12667	94.00000
12858	17-10-2025 2:52:57	17.06000	3.74000	-0.51000	98.00000	92.00000	97.00000	17.46514	77.63487	6.76333	95.66667
12859	17-10-2025 2:52:57	16.47000	4.42000	-1.17000	95.00000	87.00000	99.00000	17.05278	74.97768	6.57333	93.66667
12860	17-10-2025 2:52:58	15.88000	6.66000	-1.03000	98.00000	95.00000	96.00000	17.22005	67.24704	7.17000	96.33333
12861	17-10-2025 2:52:58	16.38000	5.92000	-0.43000	94.00000	95.00000	96.00000	17.41697	70.12932	7.29000	95.00000
12862	17-10-2025 2:52:58	17.22000	4.18000	0.07000	95.00000	95.00000	96.00000	17.72007	76.35586	7.15667	95.33333
12863	17-10-2025 2:52:58	18.00000	4.07000	0.50000	96.00000	91.00000	97.00000	18.45440	77.25904	7.52333	94.66667
12864	17-10-2025 2:52:58	17.80000	5.05000	0.23000	94.00000	92.00000	96.00000	18.50250	74.16094	7.69333	94.00000
12865	17-10-2025 2:52:58	17.91000	3.81000	-0.03000	97.00000	94.00000	93.00000	18.31077	77.99048	7.23000	94.66667
12866	17-10-2025 2:52:58	17.60000	3.18000	-0.22000	97.00000	94.00000	95.00000	17.88498	79.75819	6.85333	95.33333
12867	17-10-2025 2:52:58	17.56000	2.47000	-0.28000	94.00000	91.00000	94.00000	17.73287	81.99327	6.58333	93.00000
12868	17-10-2025 2:52:58	16.67000	3.57000	0.40000	92.00000	95.00000	94.00000	17.04799	77.91229	6.88000	93.66667
12869	17-10-2025 2:52:58	17.24000	3.56000	1.39000	95.00000	93.00000	97.00000	17.60373	78.33261	7.39667	95.00000
12870	17-10-2025 2:52:58	17.21000	4.23000	1.26000	93.00000	95.00000	98.00000	17.72222	76.19115	7.56667	95.33333
12871	17-10-2025 2:52:58	17.88000	2.63000	0.99000	97.00000	97.00000	98.00000	18.07239	81.63227	7.16667	97.33333
12872	17-10-2025 2:52:58	18.05000	2.23000	1.19000	96.00000	96.00000	98.00000	18.18723	82.95704	7.15667	96.66667
12873	17-10-2025 2:52:58	17.53000	2.47000	0.74000	94.00000	93.00000	96.00000	17.70316	81.97975	6.91333	94.33333
12874	17-10-2025 2:52:58	17.25000	2.63000	0.17000	98.00000	95.00000	96.00000	17.44934	81.33123	6.68333	96.33333
12875	17-10-2025 2:52:58	16.08000	2.57000	-0.06000	96.00000	94.00000	98.00000	16.28408	80.91945	6.19667	96.00000
12876	17-10-2025 2:52:58	17.17000	1.22000	-0.69000	95.00000	94.00000	95.00000	17.21329	85.93573	5.90000	94.66667
12877	17-10-2025 2:52:58	15.59000	4.32000	-0.59000	93.00000	88.00000	94.00000	16.17747	74.51191	6.44000	91.66667
12878	17-10-2025 2:52:58	17.73000	2.81000	-0.51000	88.00000	91.00000	94.00000	17.95130	80.99419	6.67667	91.00000
12879	17-10-2025 2:52:58	16.01000	6.25000	-0.83000	94.00000	73.00000	95.00000	17.18670	68.67527	7.14333	87.33333
12880	17-10-2025 2:52:58	16.42000	4.00000	0.21000	85.00000	86.00000	86.00000	16.90019	76.30911	6.87667	85.66667
12881	17-10-2025 2:52:58	17.07000	2.90000	1.32000	90.00000	88.00000	97.00000	17.31459	80.35815	7.09667	91.66667
12882	17-10-2025 2:52:58	16.64000	3.06000	2.38000	92.00000	89.00000	96.00000	16.91902	79.58005	7.36000	92.33333
12883	17-10-2025 2:52:58	18.95000	2.14000	3.26000	88.00000	89.00000	96.00000	19.07045	83.55696	8.11667	91.00000
12884	17-10-2025 2:52:58	19.60000	-0.97000	2.58000	95.00000	92.00000	97.00000	19.62399	92.83325	7.07000	94.66667
12885	17-10-2025 2:52:58	19.22000	2.00000	1.74000	94.00000	93.00000	94.00000	19.32378	84.05928	7.65333	93.66667
12886	17-10-2025 2:52:58	22.35000	0.67000	2.14000	87.00000	89.00000	95.00000	22.36004	88.28292	8.38667	90.33333
12887	17-10-2025 2:52:58	21.95000	0.46000	2.22000	77.00000	81.00000	95.00000	21.95482	88.79944	8.21000	84.33333
12888	17-10-2025 2:52:58	21.51000	-1.38000	2.38000	92.00000	82.00000	96.00000	21.55422	93.67085	7.50333	90.00000
12889	17-10-2025 2:52:58	19.27000	-4.59000	1.63000	84.00000	94.00000	92.00000	19.80911	103.39786	5.43667	90.00000
12890	17-10-2025 2:52:58	19.96000	-2.37000	0.51000	94.00000	88.00000	95.00000	20.10021	96.77145	6.03333	92.33333
12891	17-10-2025 2:52:58	21.72000	0.25000	-0.02000	95.00000	85.00000	93.00000	21.72144	89.34055	7.31667	91.00000
12892	17-10-2025 2:52:58	19.92000	3.40000	1.57000	89.00000	83.00000	96.00000	20.20808	80.31394	8.29667	89.33333
12893	17-10-2025 2:52:58	20.63000	1.55000	3.34000	82.00000	87.00000	92.00000	20.68815	85.70325	8.50667	87.00000
12894	17-10-2025 2:52:58	22.68000	-0.72000	4.43000	86.00000	77.00000	91.00000	22.69143	91.81830	8.79667	84.66667
12895	17-10-2025 2:52:58	18.42000	1.06000	2.16000	75.00000	79.00000	85.00000	18.45047	86.70648	7.21333	79.66667
12896	17-10-2025 2:52:58	18.37000	3.03000	0.38000	91.00000	82.00000	94.00000	18.61821	80.63380	7.26000	89.00000
12897	17-10-2025 2:52:58	18.51000	1.99000	-0.01000	93.00000	79.00000	95.00000	18.61666	83.86373	6.83000	89.00000
12898	17-10-2025 2:52:58	18.37000	1.79000	0.83000	92.00000	86.00000	92.00000	18.45700	84.43458	6.99667	90.00000
12899	17-10-2025 2:52:58	19.31000	0.89000	0.17000	94.00000	82.00000	96.00000	19.33050	87.36110	6.79000	90.66667
12900	17-10-2025 2:52:59	19.17000	1.21000	1.43000	86.00000	89.00000	96.00000	19.20815	86.38831	7.27000	90.33333
12901	17-10-2025 2:52:59	20.32000	1.42000	1.77000	94.00000	90.00000	97.00000	20.36956	86.00256	7.83667	93.66667
12902	17-10-2025 2:52:59	20.46000	0.56000	1.01000	94.00000	85.00000	92.00000	20.46766	88.43218	7.34333	90.33333
12903	17-10-2025 2:52:59	19.45000	1.77000	0.88000	92.00000	84.00000	93.00000	19.53037	84.80026	7.36667	89.66667
12904	17-10-2025 2:52:59	19.97000	-1.09000	0.86000	85.00000	87.00000	93.00000	19.99972	93.12421	6.58000	88.33333
12905	17-10-2025 2:52:59	19.64000	0.18000	1.79000	87.00000	89.00000	89.00000	19.64082	89.47490	7.20333	88.33333
12906	17-10-2025 2:52:59	19.48000	2.37000	1.43000	84.00000	79.00000	96.00000	19.62364	83.06330	7.76000	86.33333
12907	17-10-2025 2:52:59	22.68000	-2.54000	1.70000	85.00000	87.00000	93.00000	22.82179	96.39010	7.28000	88.33333
12908	17-10-2025 2:52:59	24.22000	-1.52000	1.20000	86.00000	85.00000	88.00000	24.26765	93.59106	7.96667	86.33333
12909	17-10-2025 2:52:59	22.47000	-0.45000	1.15000	93.00000	91.00000	98.00000	22.47451	91.14729	7.72333	94.00000
12910	17-10-2025 2:52:59	23.11000	-0.55000	0.51000	94.00000	77.00000	97.00000	23.11654	91.36334	7.69000	89.33333
12911	17-10-2025 2:52:59	22.36000	1.68000	1.24000	82.00000	91.00000	95.00000	22.42302	85.70320	8.42667	89.33333
12912	17-10-2025 2:52:59	22.54000	0.53000	2.06000	89.00000	89.00000	95.00000	22.54623	88.65301	8.37667	91.00000
12913	17-10-2025 2:52:59	22.96000	0.59000	2.58000	89.00000	88.00000	98.00000	22.96758	88.52800	8.71000	91.66667
12914	17-10-2025 2:52:59	20.89000	1.60000	2.61000	94.00000	87.00000	94.00000	20.95118	85.62017	8.36667	91.66667
12915	17-10-2025 2:52:59	22.31000	-0.81000	2.44000	92.00000	89.00000	94.00000	22.32470	92.07930	7.98000	91.66667
12916	17-10-2025 2:52:59	20.85000	-0.05000	3.03000	89.00000	84.00000	96.00000	20.85006	90.13740	7.94333	89.66667
12917	17-10-2025 2:52:59	22.92000	-0.83000	3.78000	87.00000	90.00000	95.00000	22.93502	92.07394	8.62333	90.66667
12918	17-10-2025 2:52:59	20.66000	-0.10000	3.62000	89.00000	85.00000	95.00000	20.66024	90.27732	8.06000	89.66667
12919	17-10-2025 2:52:59	22.63000	0.02000	2.67000	92.00000	87.00000	97.00000	22.63001	89.94936	8.44000	92.00000
12920	17-10-2025 2:52:59	21.79000	-0.11000	1.93000	93.00000	88.00000	97.00000	21.79028	90.28924	7.87000	92.66667
12921	17-10-2025 2:52:59	19.79000	1.46000	1.70000	94.00000	89.00000	96.00000	19.84378	85.78067	7.65000	93.00000
12922	17-10-2025 2:52:59	20.59000	2.02000	2.22000	95.00000	94.00000	98.00000	20.68885	84.39688	8.27667	95.66667
12923	17-10-2025 2:52:59	19.52000	1.00000	2.36000	95.00000	90.00000	96.00000	19.54560	87.06733	7.62667	93.66667
12924	17-10-2025 2:52:59	20.34000	0.39000	1.80000	93.00000	87.00000	97.00000	20.34374	88.90154	7.51000	92.33333
12925	17-10-2025 2:52:59	19.68000	2.42000	1.36000	95.00000	82.00000	97.00000	19.82823	82.98968	7.82000	91.33333
12926	17-10-2025 2:52:59	19.81000	3.39000	1.43000	88.00000	92.00000	95.00000	20.09797	80.28928	8.21000	91.66667
12927	17-10-2025 2:52:59	19.58000	2.33000	1.32000	94.00000	84.00000	95.00000	19.71815	83.21377	7.74333	91.00000
12928	17-10-2025 2:52:59	20.74000	1.24000	1.27000	95.00000	92.00000	95.00000	20.77703	86.57848	7.75000	94.00000
12929	17-10-2025 2:52:59	19.08000	3.33000	-0.02000	91.00000	90.00000	97.00000	19.36841	80.09998	7.46333	92.66667
12930	17-10-2025 2:52:59	17.66000	5.23000	0.44000	92.00000	91.00000	95.00000	18.41816	73.50337	7.77667	92.66667
12931	17-10-2025 2:52:59	17.98000	2.05000	1.57000	86.00000	92.00000	90.00000	18.09649	83.49548	7.20000	89.33333
12932	17-10-2025 2:52:59	18.61000	2.47000	1.16000	93.00000	95.00000	98.00000	18.77320	82.43964	7.41333	95.33333
12933	17-10-2025 2:52:59	20.17000	-0.42000	0.44000	96.00000	81.00000	97.00000	20.17437	91.19290	6.73000	91.33333
12934	17-10-2025 2:52:59	19.31000	0.60000	-1.84000	89.00000	81.00000	90.00000	19.31932	88.22028	6.02333	86.66667
12935	17-10-2025 2:52:59	18.58000	2.91000	-1.62000	94.00000	89.00000	93.00000	18.80650	81.09865	6.62333	92.00000
12936	17-10-2025 2:52:59	17.74000	2.86000	0.09000	96.00000	95.00000	95.00000	17.96906	80.84171	6.89667	95.33333
12937	17-10-2025 2:52:59	19.38000	1.31000	-0.44000	96.00000	89.00000	96.00000	19.42422	86.13295	6.75000	93.66667
12938	17-10-2025 2:52:59	19.16000	0.93000	-0.95000	94.00000	88.00000	95.00000	19.18256	87.22112	6.38000	92.33333
12939	17-10-2025 2:52:59	20.14000	1.30000	-1.22000	92.00000	88.00000	97.00000	20.18191	86.30679	6.74000	92.33333
12940	17-10-2025 2:52:59	20.32000	1.30000	-1.43000	93.00000	87.00000	96.00000	20.36154	86.33941	6.73000	92.00000
12941	17-10-2025 2:53:00	18.39000	6.65000	-0.99000	91.00000	76.00000	97.00000	19.55542	70.11952	8.01667	88.00000
12942	17-10-2025 2:53:00	19.05000	4.62000	0.41000	86.00000	87.00000	95.00000	19.60222	76.36784	8.02667	89.33333
12943	17-10-2025 2:53:00	21.63000	2.35000	-0.61000	94.00000	92.00000	97.00000	21.75728	83.79940	7.79000	94.33333
12944	17-10-2025 2:53:00	21.89000	2.48000	-0.79000	95.00000	87.00000	93.00000	22.03004	83.53631	7.86000	91.66667
12945	17-10-2025 2:53:00	22.33000	2.52000	-0.88000	92.00000	82.00000	94.00000	22.47174	83.56126	7.99000	89.33333
12946	17-10-2025 2:53:00	22.26000	2.58000	-0.96000	96.00000	80.00000	92.00000	22.40902	83.38875	7.96000	89.33333
12947	17-10-2025 2:53:00	21.98000	3.81000	-0.36000	90.00000	88.00000	89.00000	22.30777	80.16610	8.47667	89.00000
12948	17-10-2025 2:53:00	20.77000	0.30000	-0.24000	97.00000	74.00000	93.00000	20.77217	89.17248	6.94333	88.00000
12949	17-10-2025 2:53:00	18.76000	2.12000	1.32000	90.00000	78.00000	87.00000	18.87941	83.55256	7.40000	85.00000
12950	17-10-2025 2:53:00	20.07000	3.20000	2.36000	92.00000	84.00000	97.00000	20.32351	80.94090	8.54333	91.00000
12951	17-10-2025 2:53:00	20.58000	4.37000	2.67000	88.00000	86.00000	98.00000	21.03885	78.01176	9.20667	90.66667
12952	17-10-2025 2:53:00	21.94000	3.35000	2.84000	90.00000	89.00000	98.00000	22.19428	81.31861	9.37667	92.33333
12953	17-10-2025 2:53:00	20.33000	4.54000	3.27000	93.00000	87.00000	94.00000	20.83076	77.41152	9.38000	91.33333
12954	17-10-2025 2:53:00	20.80000	1.99000	2.73000	90.00000	95.00000	96.00000	20.89498	84.53497	8.50667	93.66667
12955	17-10-2025 2:53:00	18.72000	3.00000	2.49000	92.00000	93.00000	96.00000	18.95886	80.89540	8.07000	93.66667
12956	17-10-2025 2:53:00	17.86000	2.42000	1.82000	95.00000	86.00000	97.00000	18.02321	82.28351	7.36667	92.66667
12957	17-10-2025 2:53:00	17.86000	3.85000	3.14000	85.00000	81.00000	94.00000	18.27025	77.83515	8.28333	86.66667
12958	17-10-2025 2:53:00	20.35000	1.70000	2.08000	71.00000	85.00000	74.00000	20.42088	85.22471	8.04333	76.66667
12959	17-10-2025 2:53:00	21.27000	2.27000	0.25000	94.00000	92.00000	95.00000	21.39079	83.90828	7.93000	93.66667
12960	17-10-2025 2:53:00	21.50000	5.89000	-1.04000	93.00000	77.00000	90.00000	22.29220	74.67951	8.78333	86.66667
12961	17-10-2025 2:53:00	18.33000	9.84000	-0.18000	94.00000	70.00000	94.00000	20.80419	61.77199	9.33000	86.00000
12962	17-10-2025 2:53:00	19.49000	6.22000	1.52000	84.00000	64.00000	86.00000	20.45846	72.30014	9.07667	78.00000
12963	17-10-2025 2:53:00	22.99000	2.52000	1.90000	89.00000	93.00000	92.00000	23.12770	83.74462	9.13667	91.33333
12964	17-10-2025 2:53:00	23.78000	0.07000	1.01000	87.00000	79.00000	92.00000	23.78010	89.83134	8.28667	86.00000
12965	17-10-2025 2:53:00	22.88000	3.79000	-1.75000	86.00000	86.00000	84.00000	23.19178	80.59454	8.30667	85.33333
12966	17-10-2025 2:53:00	19.87000	7.31000	-4.37000	86.00000	59.00000	87.00000	21.17199	69.80187	7.60333	77.33333
12967	17-10-2025 2:53:00	21.37000	8.20000	-3.92000	95.00000	75.00000	90.00000	22.88923	69.00742	8.55000	86.66667
12968	17-10-2025 2:53:00	20.47000	7.54000	-2.55000	95.00000	79.00000	88.00000	21.81450	69.77903	8.48667	87.33333
12969	17-10-2025 2:53:00	21.67000	5.09000	-1.80000	94.00000	86.00000	86.00000	22.25976	76.78159	8.32000	88.66667
12970	17-10-2025 2:53:00	22.32000	2.45000	-2.58000	91.00000	90.00000	83.00000	22.45406	83.73589	7.39667	88.00000
12971	17-10-2025 2:53:00	21.20000	4.25000	-3.86000	91.00000	84.00000	89.00000	21.62181	78.66408	7.19667	88.00000
12972	17-10-2025 2:53:00	20.17000	4.27000	-4.24000	97.00000	81.00000	91.00000	20.61703	78.04693	6.73333	89.66667
12973	17-10-2025 2:53:00	20.13000	6.13000	-4.04000	96.00000	81.00000	86.00000	21.04267	73.06343	7.40667	87.66667
12974	17-10-2025 2:53:00	19.82000	6.08000	-3.93000	96.00000	86.00000	86.00000	20.73159	72.94604	7.32333	89.33333
12975	17-10-2025 2:53:00	19.86000	6.22000	-4.18000	92.00000	88.00000	87.00000	20.81125	72.60984	7.30000	89.00000
12976	17-10-2025 2:53:00	21.29000	4.58000	-3.85000	95.00000	67.00000	83.00000	21.77706	77.85930	7.34000	81.66667
12977	17-10-2025 2:53:00	20.93000	6.89000	-3.90000	97.00000	92.00000	83.00000	22.03490	71.77884	7.97333	90.66667
12978	17-10-2025 2:53:00	20.02000	5.52000	-3.17000	95.00000	90.00000	92.00000	20.76706	74.58518	7.45667	92.33333
12979	17-10-2025 2:53:00	20.19000	6.76000	-3.18000	95.00000	78.00000	78.00000	21.29163	71.48847	7.92333	83.66667
12980	17-10-2025 2:53:01	20.83000	6.41000	-2.96000	95.00000	84.00000	87.00000	21.79397	72.89534	8.09333	88.66667
12981	17-10-2025 2:53:01	21.92000	5.01000	-2.43000	80.00000	81.00000	81.00000	22.48525	77.12571	8.16667	80.66667
12982	17-10-2025 2:53:01	19.75000	4.80000	-2.13000	87.00000	84.00000	84.00000	20.32492	76.33980	7.47333	85.00000
12983	17-10-2025 2:53:01	19.87000	5.33000	-2.54000	89.00000	87.00000	92.00000	20.57245	74.98426	7.55333	89.33333
12984	17-10-2025 2:53:01	21.08000	5.52000	-1.42000	92.00000	92.00000	92.00000	21.79075	75.32603	8.39333	92.00000
12985	17-10-2025 2:53:01	19.76000	6.83000	-1.88000	96.00000	91.00000	95.00000	20.90709	70.93241	8.23667	94.00000
12986	17-10-2025 2:53:01	19.13000	5.76000	-2.02000	96.00000	89.00000	94.00000	19.97835	73.24307	7.62333	93.00000
12987	17-10-2025 2:53:01	19.01000	4.91000	-1.98000	95.00000	75.00000	93.00000	19.63385	75.51786	7.31333	87.66667
12988	17-10-2025 2:53:01	18.23000	2.49000	-2.17000	95.00000	81.00000	90.00000	18.39927	82.22221	6.18333	88.66667
12989	17-10-2025 2:53:01	17.57000	1.67000	-1.97000	94.00000	87.00000	90.00000	17.64919	84.57044	5.75667	90.33333
12990	17-10-2025 2:53:01	16.74000	1.77000	-1.57000	88.00000	86.00000	88.00000	16.83332	83.96427	5.64667	87.33333
12991	17-10-2025 2:53:01	18.18000	1.03000	-0.91000	95.00000	89.00000	90.00000	18.20915	86.75734	6.10000	91.33333
12992	17-10-2025 2:53:01	18.12000	-2.63000	-1.25000	90.00000	83.00000	92.00000	18.30987	98.25844	4.74667	88.33333
12993	17-10-2025 2:53:01	17.75000	-0.52000	-1.24000	91.00000	84.00000	89.00000	17.75761	91.67804	5.33000	88.00000
12994	17-10-2025 2:53:01	16.88000	1.32000	-0.86000	94.00000	73.00000	95.00000	16.93153	85.52862	5.78000	87.33333
12995	17-10-2025 2:53:01	17.44000	2.61000	-0.20000	95.00000	80.00000	93.00000	17.63422	81.48851	6.61667	89.33333
12996	17-10-2025 2:53:01	18.60000	3.31000	0.39000	86.00000	90.00000	88.00000	18.89222	79.90945	7.43333	88.00000
12997	17-10-2025 2:53:01	19.14000	1.96000	0.43000	94.00000	90.00000	91.00000	19.24009	84.15310	7.17667	91.66667
12998	17-10-2025 2:53:01	18.97000	2.77000	1.17000	87.00000	92.00000	94.00000	19.17117	81.69238	7.63667	91.00000
12999	17-10-2025 2:53:01	19.63000	3.49000	1.22000	95.00000	95.00000	95.00000	19.93783	79.91877	8.11333	95.00000
13000	17-10-2025 2:53:01	19.68000	2.49000	0.05000	88.00000	93.00000	91.00000	19.83690	82.78900	7.40667	90.66667
13001	17-10-2025 2:53:01	21.34000	1.12000	-0.83000	91.00000	85.00000	97.00000	21.36937	86.99567	7.21000	91.00000
13002	17-10-2025 2:53:01	20.71000	2.50000	-1.83000	96.00000	82.00000	93.00000	20.86035	83.11687	7.12667	90.33333
13003	17-10-2025 2:53:01	22.16000	1.94000	-1.23000	88.00000	87.00000	95.00000	22.24476	84.99679	7.62333	90.00000
13004	17-10-2025 2:53:01	21.42000	4.76000	-1.34000	93.00000	76.00000	92.00000	21.94252	77.47119	8.28000	87.00000
13005	17-10-2025 2:53:01	19.88000	4.02000	-1.10000	84.00000	80.00000	85.00000	20.28238	78.56819	7.60000	83.00000
13006	17-10-2025 2:53:01	21.84000	3.47000	0.10000	88.00000	90.00000	89.00000	22.11394	80.97215	8.47000	89.00000
13007	17-10-2025 2:53:01	21.15000	4.29000	1.16000	92.00000	86.00000	96.00000	21.58070	78.53386	8.86667	91.33333
13008	17-10-2025 2:53:01	22.28000	5.74000	1.48000	87.00000	92.00000	96.00000	23.00752	75.55304	9.83333	91.66667
13009	17-10-2025 2:53:01	21.60000	6.81000	0.57000	96.00000	88.00000	93.00000	22.64809	72.50110	9.66000	92.33333
13010	17-10-2025 2:53:01	21.92000	6.21000	0.57000	92.00000	81.00000	91.00000	22.78268	74.18242	9.56667	88.00000
13011	17-10-2025 2:53:01	22.41000	2.40000	1.09000	84.00000	90.00000	94.00000	22.53815	83.88720	8.63333	89.33333
13012	17-10-2025 2:53:01	22.78000	2.23000	1.33000	93.00000	91.00000	94.00000	22.88889	84.40896	8.78000	92.66667
13013	17-10-2025 2:53:01	23.20000	3.24000	1.20000	91.00000	81.00000	95.00000	23.42515	82.04977	9.21333	89.00000
13014	17-10-2025 2:53:01	24.73000	1.16000	1.92000	90.00000	81.00000	95.00000	24.75719	87.31442	9.27000	88.66667
13015	17-10-2025 2:53:01	23.75000	5.59000	0.98000	94.00000	95.00000	94.00000	24.39899	76.75545	10.10667	94.33333
13016	17-10-2025 2:53:01	22.49000	7.84000	0.71000	94.00000	84.00000	92.00000	23.81734	70.78148	10.34667	90.00000
13017	17-10-2025 2:53:01	23.04000	5.33000	1.56000	87.00000	89.00000	92.00000	23.64848	76.97451	9.97667	89.33333
13018	17-10-2025 2:53:01	22.00000	6.28000	1.38000	86.00000	89.00000	92.00000	22.87878	74.06836	9.88667	89.00000
13019	17-10-2025 2:53:01	23.70000	5.44000	1.20000	88.00000	89.00000	93.00000	24.31632	77.07249	10.11333	90.00000
13020	17-10-2025 2:53:01	23.10000	3.90000	1.39000	90.00000	93.00000	95.00000	23.42691	80.41706	9.46333	92.66667
13021	17-10-2025 2:53:02	24.38000	4.44000	1.04000	95.00000	96.00000	95.00000	24.78100	79.67861	9.95333	95.33333
13022	17-10-2025 2:53:02	25.25000	2.79000	0.98000	93.00000	90.00000	97.00000	25.40367	83.69468	9.67333	93.33333
13023	17-10-2025 2:53:02	22.81000	5.79000	0.95000	94.00000	91.00000	95.00000	23.53338	75.75708	9.85000	93.33333
13024	17-10-2025 2:53:02	21.58000	5.73000	1.10000	91.00000	84.00000	94.00000	22.32777	75.12974	9.47000	89.66667
13025	17-10-2025 2:53:02	19.79000	5.65000	1.03000	95.00000	83.00000	92.00000	20.58073	74.06608	8.82333	90.00000
13026	17-10-2025 2:53:02	19.77000	6.26000	1.28000	87.00000	78.00000	94.00000	20.73742	72.43006	9.10333	86.33333
13027	17-10-2025 2:53:02	21.95000	4.27000	1.61000	92.00000	85.00000	91.00000	22.36147	78.99157	9.27667	89.33333
13028	17-10-2025 2:53:02	20.77000	3.96000	1.29000	92.00000	87.00000	94.00000	21.14414	79.20556	8.67333	91.00000
13029	17-10-2025 2:53:02	20.25000	5.42000	0.83000	94.00000	87.00000	96.00000	20.96280	75.01576	8.83333	92.33333
13030	17-10-2025 2:53:02	18.88000	7.29000	1.12000	87.00000	91.00000	92.00000	20.23854	68.88729	9.09667	90.00000
13031	17-10-2025 2:53:02	20.44000	3.53000	0.65000	93.00000	94.00000	93.00000	20.74258	80.20164	8.20667	93.33333
13032	17-10-2025 2:53:02	18.96000	2.63000	1.45000	91.00000	88.00000	92.00000	19.14154	82.10272	7.68000	90.33333
13033	17-10-2025 2:53:02	19.52000	3.99000	0.57000	86.00000	80.00000	98.00000	19.92362	78.44755	8.02667	88.00000
13034	17-10-2025 2:53:02	22.66000	-1.60000	2.37000	59.00000	85.00000	84.00000	22.71642	94.03889	7.81000	76.00000
13035	17-10-2025 2:53:02	20.83000	8.62000	1.07000	88.00000	78.00000	78.00000	22.54314	67.51895	10.17333	81.33333
13036	17-10-2025 2:53:02	17.95000	4.31000	2.04000	88.00000	50.00000	89.00000	18.46019	76.49823	8.10000	75.66667
13037	17-10-2025 2:53:02	14.49000	7.78000	1.63000	83.00000	65.00000	72.00000	16.44653	61.76767	7.96667	73.33333
13038	17-10-2025 2:53:02	14.09000	9.72000	-0.04000	87.00000	68.00000	81.00000	17.11743	55.40011	7.92333	78.66667
13039	17-10-2025 2:53:02	18.01000	5.80000	1.19000	89.00000	73.00000	89.00000	18.92089	72.14919	8.33333	83.66667
13040	17-10-2025 2:53:02	17.15000	6.78000	1.90000	86.00000	72.00000	91.00000	18.44155	68.42936	8.61000	83.00000
13041	17-10-2025 2:53:02	19.07000	7.47000	3.30000	82.00000	88.00000	95.00000	20.48086	68.60899	9.94667	88.33333
13042	17-10-2025 2:53:02	20.57000	3.65000	2.78000	91.00000	89.00000	93.00000	20.89132	79.93800	9.00000	91.00000
13043	17-10-2025 2:53:02	19.86000	4.73000	1.97000	87.00000	94.00000	95.00000	20.41550	76.60360	8.85333	92.00000
13044	17-10-2025 2:53:02	20.03000	4.44000	1.55000	95.00000	96.00000	97.00000	20.51620	77.50148	8.67333	96.00000
13045	17-10-2025 2:53:02	20.51000	4.76000	1.26000	92.00000	92.00000	95.00000	21.05511	76.93400	8.84333	93.00000
13046	17-10-2025 2:53:02	20.19000	6.08000	1.22000	91.00000	94.00000	97.00000	21.08560	73.24089	9.16333	94.00000
13047	17-10-2025 2:53:02	20.91000	6.36000	1.35000	90.00000	89.00000	92.00000	21.85584	73.08230	9.54000	90.33333
13048	17-10-2025 2:53:02	19.94000	6.33000	-0.43000	89.00000	85.00000	95.00000	20.92062	72.38784	8.61333	89.66667
13049	17-10-2025 2:53:02	17.91000	7.54000	-1.24000	96.00000	86.00000	93.00000	19.43244	67.16921	8.07000	91.66667
13050	17-10-2025 2:53:02	18.64000	6.03000	-1.74000	96.00000	81.00000	97.00000	19.59108	72.07372	7.64333	91.33333
13051	17-10-2025 2:53:02	18.85000	4.01000	-1.36000	96.00000	91.00000	93.00000	19.27181	77.99038	7.16667	93.33333
13052	17-10-2025 2:53:02	19.74000	0.49000	-0.64000	96.00000	92.00000	95.00000	19.74608	88.57806	6.53000	94.33333
13053	17-10-2025 2:53:02	20.84000	0.74000	-1.44000	90.00000	85.00000	87.00000	20.85313	87.96636	6.71333	87.33333
13054	17-10-2025 2:53:02	16.97000	3.23000	-2.47000	91.00000	72.00000	94.00000	17.27466	79.22346	5.91000	85.66667
13055	17-10-2025 2:53:02	17.01000	4.93000	-2.96000	96.00000	72.00000	90.00000	17.71003	73.83685	6.32667	86.00000
13056	17-10-2025 2:53:02	17.39000	4.95000	-2.31000	94.00000	78.00000	91.00000	18.08078	74.11119	6.67667	87.66667
13057	17-10-2025 2:53:02	19.96000	2.59000	-2.61000	93.00000	89.00000	91.00000	20.12734	82.60664	6.64667	91.00000
13058	17-10-2025 2:53:02	22.72000	1.83000	-1.71000	88.00000	84.00000	83.00000	22.79358	85.39501	7.61333	85.00000
13059	17-10-2025 2:53:02	21.58000	0.41000	-2.72000	90.00000	80.00000	88.00000	21.58389	88.91156	6.42333	86.00000
13060	17-10-2025 2:53:02	21.14000	-1.12000	-3.64000	96.00000	82.00000	92.00000	21.16965	93.03270	5.46000	90.00000
13061	17-10-2025 2:53:03	19.46000	0.66000	-3.24000	90.00000	85.00000	90.00000	19.47119	88.05752	5.62667	88.33333
13062	17-10-2025 2:53:03	19.49000	-0.98000	-2.90000	94.00000	83.00000	93.00000	19.51462	92.87853	5.20333	90.00000
13063	17-10-2025 2:53:03	18.66000	1.41000	-2.15000	95.00000	86.00000	91.00000	18.71320	85.67879	5.97333	90.66667
13064	17-10-2025 2:53:03	21.01000	1.63000	-1.63000	92.00000	88.00000	95.00000	21.07313	85.56376	7.00333	91.66667
13065	17-10-2025 2:53:03	21.29000	1.69000	-0.55000	85.00000	84.00000	87.00000	21.35697	85.46138	7.47667	85.33333
13066	17-10-2025 2:53:03	22.14000	3.09000	-0.72000	84.00000	83.00000	64.00000	22.35459	82.05476	8.17000	77.00000
13067	17-10-2025 2:53:03	20.57000	4.18000	-1.86000	94.00000	83.00000	84.00000	20.99041	78.51341	7.63000	87.00000
13068	17-10-2025 2:53:03	18.38000	3.06000	-1.07000	91.00000	86.00000	93.00000	18.63298	80.54779	6.79000	90.00000
13069	17-10-2025 2:53:03	18.60000	2.23000	-1.17000	81.00000	83.00000	86.00000	18.73320	83.16330	6.55333	83.33333
13070	17-10-2025 2:53:03	20.49000	4.79000	-2.31000	90.00000	81.00000	84.00000	21.04244	76.84211	7.65667	85.00000
13071	17-10-2025 2:53:03	21.50000	3.38000	-2.85000	83.00000	85.00000	71.00000	21.76406	81.06570	7.34333	79.66667
13072	17-10-2025 2:53:03	17.59000	1.24000	-1.40000	84.00000	82.00000	86.00000	17.63365	85.96763	5.81000	84.00000
13073	17-10-2025 2:53:03	20.27000	-0.70000	-0.48000	74.00000	87.00000	92.00000	20.28208	91.97785	6.36333	84.33333
13074	17-10-2025 2:53:03	22.01000	-3.57000	-0.02000	90.00000	92.00000	93.00000	22.29765	99.21308	6.14000	91.66667
13075	17-10-2025 2:53:03	19.99000	-1.31000	-0.95000	91.00000	87.00000	97.00000	20.03288	93.74939	5.91000	91.66667
13076	17-10-2025 2:53:03	19.17000	-2.71000	-1.01000	91.00000	76.00000	90.00000	19.36060	98.04640	5.15000	85.66667
13077	17-10-2025 2:53:03	18.32000	-1.09000	-1.34000	89.00000	78.00000	89.00000	18.35240	93.40496	5.29667	85.33333
13078	17-10-2025 2:53:03	18.94000	-1.55000	0.37000	79.00000	78.00000	81.00000	19.00332	94.67851	5.92000	79.33333
13079	17-10-2025 2:53:03	18.91000	-1.61000	-0.10000	84.00000	69.00000	89.00000	18.97841	94.86643	5.73333	80.66667
13080	17-10-2025 2:53:03	21.49000	0.30000	0.14000	87.00000	73.00000	89.00000	21.49209	89.20020	7.31000	83.00000
13081	17-10-2025 2:53:03	23.33000	0.89000	0.57000	89.00000	88.00000	93.00000	23.34697	87.81532	8.26333	90.00000
13082	17-10-2025 2:53:03	21.99000	-0.17000	0.07000	87.00000	94.00000	93.00000	21.99066	90.44293	7.29667	91.33333
13083	17-10-2025 2:53:03	19.43000	2.90000	-1.91000	88.00000	76.00000	82.00000	19.64523	81.51106	6.80667	82.00000
13084	17-10-2025 2:53:03	18.79000	4.34000	-3.15000	96.00000	60.00000	88.00000	19.28470	76.99425	6.66000	81.33333
13085	17-10-2025 2:53:03	18.55000	2.02000	-2.67000	95.00000	71.00000	89.00000	18.65966	83.78527	5.96667	85.00000
13086	17-10-2025 2:53:03	18.71000	2.77000	-2.28000	90.00000	87.00000	87.00000	18.91394	81.57858	6.40000	88.00000
13087	17-10-2025 2:53:03	19.45000	3.18000	-1.78000	96.00000	81.00000	93.00000	19.70824	80.71452	6.95000	90.00000
13088	17-10-2025 2:53:03	19.10000	0.82000	-1.42000	93.00000	75.00000	97.00000	19.11759	87.54169	6.16667	88.33333
13089	17-10-2025 2:53:03	19.05000	0.59000	-0.96000	95.00000	83.00000	93.00000	19.05913	88.22605	6.22667	90.33333
13090	17-10-2025 2:53:03	18.02000	-0.08000	-0.16000	81.00000	79.00000	81.00000	18.02018	90.25436	5.92667	80.33333
13091	17-10-2025 2:53:03	21.03000	-2.55000	-0.23000	83.00000	87.00000	91.00000	21.18404	96.91367	6.08333	87.00000
13092	17-10-2025 2:53:03	21.38000	2.96000	-0.69000	94.00000	91.00000	92.00000	21.58393	82.11767	7.88333	92.33333
13093	17-10-2025 2:53:03	20.95000	2.06000	-1.15000	96.00000	91.00000	91.00000	21.05104	84.38420	7.28667	92.66667
13094	17-10-2025 2:53:03	20.28000	1.50000	-0.56000	96.00000	86.00000	93.00000	20.33540	85.76985	7.07333	91.66667
13095	17-10-2025 2:53:03	20.38000	0.04000	-1.52000	84.00000	88.00000	89.00000	20.38004	89.88755	6.30000	87.00000
13096	17-10-2025 2:53:03	20.17000	2.65000	-3.99000	93.00000	82.00000	87.00000	20.34334	82.51517	6.27667	87.33333
13097	17-10-2025 2:53:03	21.47000	4.67000	-3.70000	91.00000	65.00000	88.00000	21.97202	77.72858	7.48000	81.33333
13098	17-10-2025 2:53:03	20.29000	3.38000	-3.62000	85.00000	91.00000	88.00000	20.56960	80.54226	6.68333	88.00000
13099	17-10-2025 2:53:03	20.67000	3.59000	-2.51000	89.00000	92.00000	84.00000	20.97944	80.14706	7.25000	88.33333
13100	17-10-2025 2:53:04	22.99000	-0.80000	-0.96000	90.00000	86.00000	93.00000	23.00392	91.99296	7.07667	89.66667
13101	17-10-2025 2:53:04	22.49000	0.55000	-1.08000	94.00000	85.00000	93.00000	22.49672	88.59909	7.32000	90.66667
13102	17-10-2025 2:53:04	20.63000	3.11000	-0.37000	92.00000	84.00000	94.00000	20.86310	81.42714	7.79000	90.00000
13103	17-10-2025 2:53:04	20.97000	1.99000	-0.47000	90.00000	85.00000	89.00000	21.06421	84.57901	7.49667	88.00000
13104	17-10-2025 2:53:04	22.14000	2.31000	-0.04000	90.00000	71.00000	89.00000	22.26018	84.04354	8.13667	83.33333
13105	17-10-2025 2:53:04	21.72000	1.55000	1.59000	90.00000	79.00000	88.00000	21.77524	85.91813	8.28667	85.66667
13106	17-10-2025 2:53:04	21.13000	1.19000	2.05000	91.00000	87.00000	95.00000	21.16348	86.77662	8.12333	91.00000
13107	17-10-2025 2:53:04	22.27000	1.93000	0.93000	81.00000	86.00000	93.00000	22.35347	85.04691	8.37667	86.66667
13108	17-10-2025 2:53:04	24.31000	-3.05000	0.32000	91.00000	84.00000	90.00000	24.50058	97.15112	7.19333	88.33333
13109	17-10-2025 2:53:04	21.18000	-3.38000	-0.20000	78.00000	78.00000	88.00000	21.44800	99.06706	5.86667	81.33333
13110	17-10-2025 2:53:04	20.67000	-1.01000	0.24000	83.00000	85.00000	85.00000	20.69466	92.79742	6.63333	84.33333
13111	17-10-2025 2:53:04	20.15000	-1.77000	-0.02000	92.00000	80.00000	87.00000	20.22759	95.02004	6.12000	86.33333
13112	17-10-2025 2:53:04	18.24000	2.51000	-2.41000	94.00000	75.00000	95.00000	18.41189	82.16476	6.11333	88.00000
13113	17-10-2025 2:53:04	17.34000	4.89000	-2.44000	89.00000	72.00000	90.00000	18.01632	74.25118	6.59667	83.66667
13114	17-10-2025 2:53:04	18.81000	6.99000	-0.25000	86.00000	83.00000	90.00000	20.06679	69.61439	8.51667	86.33333
13115	17-10-2025 2:53:04	19.48000	2.33000	0.87000	95.00000	92.00000	98.00000	19.61885	83.17926	7.56000	95.00000
13116	17-10-2025 2:53:04	19.89000	1.24000	0.68000	92.00000	86.00000	97.00000	19.92862	86.43263	7.27000	91.66667
13117	17-10-2025 2:53:04	19.70000	-0.92000	0.87000	93.00000	93.00000	96.00000	19.72147	92.67380	6.55000	94.00000
13118	17-10-2025 2:53:04	18.61000	1.38000	0.62000	90.00000	88.00000	99.00000	18.66110	85.75907	6.87000	92.33333
13119	17-10-2025 2:53:04	19.31000	1.52000	0.73000	91.00000	91.00000	92.00000	19.36973	85.49920	7.18667	91.33333
13120	17-10-2025 2:53:04	20.41000	0.05000	1.07000	91.00000	84.00000	92.00000	20.41006	89.85964	7.17667	89.00000
13121	17-10-2025 2:53:04	18.78000	2.15000	0.81000	91.00000	87.00000	96.00000	18.90267	83.46901	7.24667	91.33333
13122	17-10-2025 2:53:04	18.07000	2.27000	-0.53000	84.00000	76.00000	84.00000	18.21202	82.83986	6.60333	81.33333
13123	17-10-2025 2:53:04	16.82000	9.02000	-1.50000	91.00000	74.00000	93.00000	19.08593	61.79684	8.11333	86.00000
13124	17-10-2025 2:53:04	17.41000	7.18000	-1.15000	90.00000	81.00000	93.00000	18.83243	67.58842	7.81333	88.00000
13125	17-10-2025 2:53:04	15.06000	7.90000	-1.99000	92.00000	62.00000	87.00000	17.00628	62.31992	6.99000	80.33333
13126	17-10-2025 2:53:04	16.08000	4.64000	-2.68000	92.00000	73.00000	90.00000	16.73607	73.90412	6.01333	85.00000
13127	17-10-2025 2:53:04	16.72000	1.47000	-2.07000	92.00000	84.00000	96.00000	16.78450	84.97555	5.37333	90.66667
13128	17-10-2025 2:53:04	15.96000	3.24000	-2.03000	94.00000	70.00000	90.00000	16.28555	78.52447	5.72333	84.66667
13129	17-10-2025 2:53:04	16.38000	4.34000	-1.63000	88.00000	74.00000	90.00000	16.94521	75.16006	6.36333	84.00000
13130	17-10-2025 2:53:04	16.71000	2.23000	-0.27000	89.00000	81.00000	87.00000	16.85814	82.39862	6.22333	85.66667
13131	17-10-2025 2:53:04	15.86000	1.04000	0.33000	92.00000	90.00000	97.00000	15.89406	86.24827	5.74333	93.00000
13132	17-10-2025 2:53:04	15.91000	1.58000	0.31000	90.00000	73.00000	96.00000	15.98826	84.32863	5.93333	86.33333
13133	17-10-2025 2:53:04	14.59000	3.49000	-0.10000	95.00000	90.00000	98.00000	15.00161	76.54735	5.99333	94.33333
13134	17-10-2025 2:53:04	15.06000	1.66000	0.11000	95.00000	95.00000	94.00000	15.15121	83.70992	5.61000	94.66667
13135	17-10-2025 2:53:04	15.35000	0.53000	0.34000	96.00000	90.00000	98.00000	15.35915	88.02249	5.40667	94.66667
13136	17-10-2025 2:53:04	14.73000	0.75000	0.23000	92.00000	83.00000	93.00000	14.74908	87.08522	5.23667	89.33333
13137	17-10-2025 2:53:04	15.31000	0.89000	0.24000	90.00000	84.00000	92.00000	15.33585	86.67303	5.48000	88.66667
13138	17-10-2025 2:53:04	16.43000	-2.06000	0.68000	92.00000	91.00000	93.00000	16.55864	97.14648	5.01667	92.00000
13139	17-10-2025 2:53:04	17.93000	-1.21000	0.54000	93.00000	94.00000	96.00000	17.97078	93.86073	5.75333	94.33333
13140	17-10-2025 2:53:04	20.54000	2.17000	-0.44000	92.00000	88.00000	92.00000	20.65431	83.96921	7.42333	90.66667
13141	17-10-2025 2:53:05	20.50000	3.20000	-0.90000	92.00000	91.00000	88.00000	20.74825	81.12787	7.60000	90.33333
13142	17-10-2025 2:53:05	19.96000	3.44000	-0.85000	91.00000	88.00000	88.00000	20.25426	80.22144	7.51667	89.00000
13143	17-10-2025 2:53:05	20.40000	3.31000	-0.43000	95.00000	90.00000	97.00000	20.66679	80.78380	7.76000	94.00000
13144	17-10-2025 2:53:05	18.57000	3.11000	-0.69000	91.00000	84.00000	93.00000	18.82862	80.49265	6.99667	89.33333
13145	17-10-2025 2:53:05	17.55000	6.36000	-0.78000	88.00000	77.00000	91.00000	18.66687	70.07983	7.71000	85.33333
13146	17-10-2025 2:53:05	19.45000	2.76000	0.07000	87.00000	85.00000	89.00000	19.64485	81.92352	7.42667	87.00000
13147	17-10-2025 2:53:05	20.45000	1.70000	0.43000	91.00000	93.00000	93.00000	20.52054	85.24795	7.52667	92.33333
13148	17-10-2025 2:53:05	20.62000	1.09000	0.64000	89.00000	77.00000	95.00000	20.64879	86.97409	7.45000	87.00000
13149	17-10-2025 2:53:05	20.37000	2.14000	0.95000	89.00000	92.00000	94.00000	20.48210	84.00271	7.82000	91.66667
13150	17-10-2025 2:53:05	19.85000	1.57000	1.09000	94.00000	91.00000	94.00000	19.91199	85.47771	7.50333	93.00000
13151	17-10-2025 2:53:05	19.11000	2.58000	1.67000	87.00000	85.00000	96.00000	19.28337	82.31111	7.78667	89.33333
13152	17-10-2025 2:53:05	19.99000	-0.16000	2.39000	95.00000	92.00000	93.00000	19.99064	90.45859	7.40667	93.33333
13153	17-10-2025 2:53:05	18.60000	0.44000	1.93000	90.00000	92.00000	94.00000	18.60520	88.64487	6.99000	92.00000
13154	17-10-2025 2:53:05	19.31000	2.61000	0.49000	92.00000	89.00000	95.00000	19.48559	82.30237	7.47000	92.00000
13155	17-10-2025 2:53:05	18.07000	3.64000	0.01000	92.00000	90.00000	96.00000	18.43297	78.61082	7.24000	92.66667
13156	17-10-2025 2:53:05	18.16000	2.45000	1.13000	88.00000	96.00000	96.00000	18.32452	82.31651	7.24667	93.33333
13157	17-10-2025 2:53:05	19.42000	2.21000	0.29000	92.00000	89.00000	96.00000	19.54534	83.50766	7.30667	92.33333
13158	17-10-2025 2:53:05	17.52000	5.02000	0.59000	93.00000	74.00000	96.00000	18.22500	74.01142	7.71000	87.66667
13159	17-10-2025 2:53:05	16.58000	4.36000	0.26000	96.00000	78.00000	97.00000	17.14369	75.26664	7.06667	90.33333
13160	17-10-2025 2:53:05	18.80000	1.63000	0.58000	87.00000	94.00000	94.00000	18.87053	85.04473	7.00333	91.66667
13161	17-10-2025 2:53:05	18.93000	-1.30000	0.99000	92.00000	93.00000	94.00000	18.97459	93.92857	6.20667	93.00000
13162	17-10-2025 2:53:05	17.41000	1.16000	-0.50000	90.00000	73.00000	88.00000	17.44860	86.18811	6.02333	83.66667
13163	17-10-2025 2:53:05	19.60000	-0.32000	-0.76000	87.00000	83.00000	86.00000	19.60261	90.93536	6.17333	85.33333
13164	17-10-2025 2:53:05	23.09000	-0.35000	0.26000	76.00000	87.00000	87.00000	23.09265	90.86843	7.66667	83.33333
13165	17-10-2025 2:53:05	24.55000	-2.56000	1.06000	91.00000	89.00000	92.00000	24.68311	95.95312	7.68333	90.66667
13166	17-10-2025 2:53:05	24.03000	-1.11000	0.89000	80.00000	82.00000	91.00000	24.05562	92.64474	7.93667	84.33333
13167	17-10-2025 2:53:05	21.46000	-0.71000	1.58000	88.00000	86.00000	88.00000	21.47174	91.89493	7.44333	87.33333
13168	17-10-2025 2:53:05	21.98000	-1.35000	2.15000	77.00000	89.00000	91.00000	22.02142	93.51466	7.59333	85.66667
13169	17-10-2025 2:53:05	21.91000	-0.89000	0.90000	95.00000	93.00000	96.00000	21.92807	92.32612	7.30667	94.66667
13170	17-10-2025 2:53:05	20.24000	-0.18000	0.72000	86.00000	86.00000	94.00000	20.24080	90.50953	6.92667	88.66667
13171	17-10-2025 2:53:05	18.26000	-2.23000	1.20000	82.00000	90.00000	91.00000	18.39567	96.96276	5.74333	87.66667
13172	17-10-2025 2:53:05	16.31000	1.14000	-0.67000	91.00000	75.00000	89.00000	16.34979	86.00177	5.59333	85.00000
13173	17-10-2025 2:53:05	18.04000	1.98000	1.65000	83.00000	86.00000	95.00000	18.14833	83.73651	7.22333	88.00000
13174	17-10-2025 2:53:05	18.40000	3.06000	1.39000	90.00000	88.00000	93.00000	18.65271	80.55788	7.61667	90.33333
13175	17-10-2025 2:53:05	17.69000	6.05000	0.14000	92.00000	85.00000	95.00000	18.69595	71.11925	7.96000	90.66667
13176	17-10-2025 2:53:05	17.83000	4.49000	0.64000	96.00000	90.00000	96.00000	18.38665	75.86550	7.65333	94.00000
13177	17-10-2025 2:53:05	17.14000	4.66000	0.17000	95.00000	94.00000	95.00000	17.76218	74.79015	7.32333	94.66667
13178	17-10-2025 2:53:05	16.26000	6.70000	0.24000	96.00000	90.00000	90.00000	17.58629	67.60569	7.73333	92.00000
13179	17-10-2025 2:53:05	16.16000	5.31000	0.65000	96.00000	91.00000	94.00000	17.01005	71.81004	7.37333	93.66667
13180	17-10-2025 2:53:06	15.51000	5.58000	1.05000	92.00000	78.00000	96.00000	16.48322	70.21290	7.38000	88.66667
13181	17-10-2025 2:53:06	15.85000	8.03000	-0.23000	88.00000	69.00000	88.00000	17.76804	63.13210	7.88333	81.66667
13182	17-10-2025 2:53:06	15.77000	6.13000	-0.53000	93.00000	72.00000	91.00000	16.91951	68.75826	7.12333	85.33333
13183	17-10-2025 2:53:06	16.80000	4.31000	-1.50000	97.00000	74.00000	92.00000	17.34405	75.61122	6.53667	87.66667
13184	17-10-2025 2:53:06	16.86000	2.18000	-0.86000	94.00000	88.00000	86.00000	17.00035	82.63252	6.06000	89.33333
13185	17-10-2025 2:53:06	16.75000	0.83000	0.56000	90.00000	95.00000	88.00000	16.77055	87.16319	6.04667	91.00000
13186	17-10-2025 2:53:06	19.19000	1.94000	0.40000	95.00000	94.00000	93.00000	19.28781	84.22733	7.17667	94.00000
13187	17-10-2025 2:53:06	17.87000	3.19000	-0.28000	95.00000	91.00000	97.00000	18.15249	79.87866	6.92667	94.33333
13188	17-10-2025 2:53:06	19.57000	3.11000	0.59000	89.00000	91.00000	91.00000	19.81558	80.97025	7.75667	90.33333
13189	17-10-2025 2:53:06	21.42000	3.51000	0.02000	87.00000	87.00000	84.00000	21.70568	80.69390	8.31667	86.00000
13190	17-10-2025 2:53:06	22.08000	3.35000	-0.25000	89.00000	82.00000	95.00000	22.33269	81.37282	8.39333	88.66667
13191	17-10-2025 2:53:06	21.79000	4.80000	-0.14000	89.00000	92.00000	94.00000	22.31242	77.57703	8.81667	91.66667
13192	17-10-2025 2:53:06	23.87000	4.56000	-0.62000	92.00000	98.00000	96.00000	24.30166	79.18482	9.27000	95.33333
13193	17-10-2025 2:53:06	24.38000	4.90000	-0.91000	96.00000	89.00000	94.00000	24.86754	78.63584	9.45667	93.00000
13194	17-10-2025 2:53:06	24.03000	4.38000	-1.15000	94.00000	91.00000	96.00000	24.42591	79.66998	9.08667	93.66667
13195	17-10-2025 2:53:06	22.53000	6.47000	-0.88000	95.00000	91.00000	96.00000	23.44060	73.97738	9.37333	94.00000
13196	17-10-2025 2:53:06	22.35000	7.99000	-0.47000	92.00000	86.00000	97.00000	23.73526	70.32831	9.95667	91.66667
13197	17-10-2025 2:53:06	21.75000	7.09000	0.06000	94.00000	77.00000	92.00000	22.87642	71.94522	9.63333	87.66667
13198	17-10-2025 2:53:06	19.76000	9.70000	1.42000	91.00000	80.00000	95.00000	22.01244	63.85401	10.29333	88.66667
13199	17-10-2025 2:53:06	20.76000	4.51000	0.65000	92.00000	86.00000	95.00000	21.24424	77.74325	8.64000	91.00000
13200	17-10-2025 2:53:06	21.03000	5.24000	0.59000	95.00000	91.00000	92.00000	21.67299	76.00864	8.95333	92.66667
13201	17-10-2025 2:53:06	21.19000	3.10000	1.18000	92.00000	83.00000	95.00000	21.41556	81.67693	8.49000	90.00000
13202	17-10-2025 2:53:06	21.91000	2.09000	1.14000	94.00000	95.00000	96.00000	22.00946	84.55103	8.38000	95.00000
13203	17-10-2025 2:53:06	22.33000	3.01000	0.19000	95.00000	91.00000	95.00000	22.53195	82.32302	8.51000	93.66667
13204	17-10-2025 2:53:06	22.53000	4.87000	-0.14000	94.00000	88.00000	96.00000	23.05033	77.80281	9.08667	92.66667
13205	17-10-2025 2:53:06	23.12000	4.05000	0.26000	89.00000	81.00000	91.00000	23.47204	80.06414	9.14333	87.00000
13206	17-10-2025 2:53:06	21.69000	4.92000	0.63000	80.00000	88.00000	96.00000	22.24101	77.21971	9.08000	88.00000
13207	17-10-2025 2:53:06	21.52000	5.05000	-0.20000	93.00000	87.00000	93.00000	22.10459	76.79362	8.79000	91.00000
13208	17-10-2025 2:53:06	23.00000	4.89000	-0.97000	93.00000	94.00000	97.00000	23.51408	77.99714	8.97333	94.66667
13209	17-10-2025 2:53:06	22.03000	5.58000	-1.27000	89.00000	74.00000	92.00000	22.72570	75.78643	8.78000	85.00000
13210	17-10-2025 2:53:06	21.72000	7.39000	-2.14000	88.00000	84.00000	87.00000	22.94277	71.20967	8.99000	86.33333
13211	17-10-2025 2:53:06	24.04000	2.76000	-0.34000	89.00000	79.00000	91.00000	24.19792	83.45062	8.82000	86.33333
13212	17-10-2025 2:53:06	23.40000	0.63000	-1.08000	92.00000	88.00000	90.00000	23.40848	88.45779	7.65000	90.00000
13213	17-10-2025 2:53:06	23.11000	2.34000	-1.87000	95.00000	89.00000	92.00000	23.22817	84.21823	7.86000	92.00000
13214	17-10-2025 2:53:06	20.26000	3.76000	-1.60000	94.00000	86.00000	91.00000	20.60595	79.48625	7.47333	90.33333
13215	17-10-2025 2:53:06	20.05000	4.96000	0.20000	84.00000	88.00000	95.00000	20.65440	76.10504	8.40333	89.00000
13216	17-10-2025 2:53:06	22.81000	5.26000	0.61000	87.00000	94.00000	94.00000	23.40862	77.01456	9.56000	91.66667
13217	17-10-2025 2:53:06	23.31000	8.19000	-0.86000	93.00000	87.00000	93.00000	24.70693	70.64101	10.21333	91.00000
13218	17-10-2025 2:53:06	23.58000	10.88000	-0.96000	90.00000	76.00000	91.00000	25.96904	65.23102	11.16667	85.66667
13219	17-10-2025 2:53:06	24.98000	6.52000	1.23000	78.00000	75.00000	67.00000	25.81687	75.37166	10.91000	73.33333
13220	17-10-2025 2:53:07	24.56000	5.51000	3.42000	89.00000	81.00000	94.00000	25.17049	77.35515	11.16333	88.00000
13221	17-10-2025 2:53:07	21.64000	6.66000	2.44000	88.00000	90.00000	92.00000	22.64167	72.89355	10.24667	90.00000
13222	17-10-2025 2:53:07	18.59000	8.60000	2.04000	87.00000	79.00000	94.00000	20.48287	65.17406	9.74333	86.66667
13223	17-10-2025 2:53:07	22.40000	5.71000	2.19000	84.00000	89.00000	89.00000	23.11632	75.69925	10.10000	87.33333
13224	17-10-2025 2:53:07	22.65000	4.19000	2.67000	89.00000	93.00000	96.00000	23.03429	79.51939	9.83667	92.66667
13225	17-10-2025 2:53:07	24.40000	1.90000	2.22000	84.00000	90.00000	88.00000	24.47386	85.54743	9.50667	87.33333
13226	17-10-2025 2:53:07	20.69000	8.92000	-0.10000	84.00000	78.00000	93.00000	22.53092	66.67786	9.83667	85.00000
13227	17-10-2025 2:53:07	21.45000	10.36000	1.61000	92.00000	68.00000	94.00000	23.82083	64.22021	11.14000	84.66667
13228	17-10-2025 2:53:07	23.83000	10.07000	0.59000	95.00000	78.00000	95.00000	25.87033	67.09222	11.49667	89.33333
13229	17-10-2025 2:53:07	21.14000	11.33000	0.51000	86.00000	70.00000	88.00000	23.98476	61.81088	10.99333	81.33333
13230	17-10-2025 2:53:07	23.44000	7.31000	2.57000	78.00000	82.00000	93.00000	24.55341	72.67938	11.10667	84.33333
13231	17-10-2025 2:53:07	22.42000	9.32000	2.85000	90.00000	92.00000	95.00000	24.28001	67.42733	11.53000	92.33333
13232	17-10-2025 2:53:07	20.72000	14.82000	2.90000	89.00000	69.00000	95.00000	25.47451	54.42572	12.81333	84.33333
13233	17-10-2025 2:53:07	22.71000	10.14000	2.54000	85.00000	76.00000	94.00000	24.87094	65.93927	11.79667	85.00000
13234	17-10-2025 2:53:07	23.18000	12.18000	3.75000	77.00000	73.00000	85.00000	26.18520	62.28019	13.03667	78.33333
13235	17-10-2025 2:53:07	24.75000	0.86000	6.07000	87.00000	83.00000	92.00000	24.76494	88.00992	10.56000	87.33333
13236	17-10-2025 2:53:07	23.28000	-0.85000	5.52000	85.00000	79.00000	98.00000	23.29551	92.09106	9.31667	87.33333
13237	17-10-2025 2:53:07	23.21000	-2.52000	5.00000	87.00000	84.00000	95.00000	23.34640	96.19655	8.56333	88.66667
13238	17-10-2025 2:53:07	22.66000	-1.94000	3.48000	89.00000	83.00000	88.00000	22.74289	94.89336	8.06667	86.66667
13239	17-10-2025 2:53:07	20.08000	0.41000	2.52000	92.00000	93.00000	89.00000	20.08419	88.83028	7.67000	91.33333
13240	17-10-2025 2:53:07	18.07000	-2.10000	2.96000	90.00000	91.00000	87.00000	18.19162	96.62888	6.31000	89.33333
13241	17-10-2025 2:53:07	17.75000	0.23000	1.72000	96.00000	92.00000	95.00000	17.75149	89.25762	6.56667	94.33333
13242	17-10-2025 2:53:07	16.14000	0.75000	1.34000	94.00000	88.00000	95.00000	16.15742	87.33947	6.07667	92.33333
13243	17-10-2025 2:53:07	12.16000	7.81000	2.18000	87.00000	57.00000	90.00000	14.45205	57.28859	7.38333	78.00000
13244	17-10-2025 2:53:07	12.85000	2.26000	3.11000	88.00000	75.00000	93.00000	13.04723	80.02509	6.07333	85.33333
13245	17-10-2025 2:53:07	13.22000	-0.74000	2.77000	95.00000	78.00000	98.00000	13.24070	93.20383	5.08333	90.33333
13246	17-10-2025 2:53:07	13.34000	-0.08000	2.93000	92.00000	91.00000	98.00000	13.34024	90.34360	5.39667	93.66667
13247	17-10-2025 2:53:07	13.26000	1.39000	3.71000	90.00000	85.00000	95.00000	13.33265	84.01574	6.12000	90.00000
13248	17-10-2025 2:53:07	13.00000	1.01000	4.66000	89.00000	92.00000	98.00000	13.03918	85.55748	6.22333	93.00000
13249	17-10-2025 2:53:07	14.24000	-0.26000	4.05000	87.00000	88.00000	93.00000	14.24237	91.04601	6.01000	89.33333
13250	17-10-2025 2:53:07	14.31000	1.59000	3.30000	91.00000	76.00000	93.00000	14.39806	83.65981	6.40000	86.66667
13251	17-10-2025 2:53:07	14.99000	1.17000	3.64000	87.00000	84.00000	94.00000	15.03559	85.53700	6.60000	88.33333
13252	17-10-2025 2:53:07	16.57000	1.90000	3.82000	81.00000	93.00000	94.00000	16.67858	83.45874	7.43000	89.33333
13253	17-10-2025 2:53:07	18.52000	1.68000	4.88000	89.00000	94.00000	97.00000	18.59604	84.81673	8.36000	93.33333
13254	17-10-2025 2:53:07	18.58000	1.75000	4.68000	88.00000	91.00000	94.00000	18.66223	84.61934	8.33667	91.00000
13255	17-10-2025 2:53:07	19.68000	1.29000	4.14000	89.00000	94.00000	97.00000	19.72223	86.24970	8.37000	93.33333
13256	17-10-2025 2:53:07	19.31000	2.33000	2.20000	69.00000	88.00000	93.00000	19.45006	83.11979	7.94667	83.33333
13257	17-10-2025 2:53:07	17.90000	4.94000	1.15000	89.00000	90.00000	96.00000	18.56916	74.57168	7.99667	91.66667
13258	17-10-2025 2:53:07	17.85000	4.60000	0.92000	95.00000	92.00000	95.00000	18.43319	75.54912	7.79000	94.00000
13259	17-10-2025 2:53:07	16.30000	5.62000	1.90000	92.00000	88.00000	89.00000	17.24165	70.97656	7.94000	89.66667
13260	17-10-2025 2:53:07	17.77000	1.32000	3.21000	86.00000	92.00000	97.00000	17.81896	85.75173	7.43333	91.66667
13261	17-10-2025 2:53:08	18.23000	1.92000	2.78000	92.00000	95.00000	95.00000	18.33083	83.98772	7.64333	94.00000
13262	17-10-2025 2:53:08	19.01000	4.21000	1.35000	94.00000	87.00000	97.00000	19.47060	77.51269	8.19000	92.66667
13263	17-10-2025 2:53:08	16.72000	3.66000	1.91000	94.00000	90.00000	97.00000	17.11590	77.65274	7.43000	93.66667
13264	17-10-2025 2:53:08	17.84000	4.96000	2.41000	92.00000	89.00000	97.00000	18.51667	74.46264	8.40333	92.66667
13265	17-10-2025 2:53:08	15.98000	3.12000	2.36000	88.00000	96.00000	98.00000	16.28173	78.95232	7.15333	94.00000
13266	17-10-2025 2:53:08	17.49000	2.85000	2.78000	93.00000	95.00000	98.00000	17.72068	80.74498	7.70667	95.33333
13267	17-10-2025 2:53:08	16.10000	1.28000	3.64000	84.00000	93.00000	94.00000	16.15080	85.45437	7.00667	90.33333
13268	17-10-2025 2:53:08	16.59000	0.90000	2.33000	89.00000	89.00000	94.00000	16.61440	86.89477	6.60667	90.66667
13269	17-10-2025 2:53:08	15.34000	4.66000	1.57000	96.00000	85.00000	98.00000	16.03219	73.10222	7.19000	93.00000
13270	17-10-2025 2:53:08	16.65000	2.67000	1.46000	95.00000	92.00000	95.00000	16.86272	80.88959	6.92667	94.00000
13271	17-10-2025 2:53:08	16.44000	-0.41000	1.99000	93.00000	86.00000	97.00000	16.44511	91.42861	6.00667	92.00000
13272	17-10-2025 2:53:08	15.25000	-0.84000	1.90000	96.00000	91.00000	98.00000	15.27312	93.15278	5.43667	95.00000
13273	17-10-2025 2:53:08	15.25000	-1.63000	1.86000	96.00000	96.00000	97.00000	15.33686	96.10091	5.16000	96.33333
13274	17-10-2025 2:53:08	16.18000	-3.24000	1.53000	92.00000	91.00000	97.00000	16.50121	101.32355	4.82333	93.33333
13275	17-10-2025 2:53:08	17.18000	-6.06000	-0.15000	93.00000	92.00000	98.00000	18.21746	109.42957	3.65667	94.33333
13276	17-10-2025 2:53:08	16.85000	-3.11000	-0.79000	97.00000	86.00000	96.00000	17.13460	100.45738	4.31667	93.00000
13277	17-10-2025 2:53:08	16.10000	0.77000	-0.56000	95.00000	88.00000	95.00000	16.11840	87.26185	5.43667	92.66667
13278	17-10-2025 2:53:08	17.96000	-0.81000	0.15000	93.00000	79.00000	93.00000	17.97826	92.58230	5.76667	88.33333
13279	17-10-2025 2:53:08	17.78000	-0.10000	-1.75000	91.00000	90.00000	88.00000	17.78028	90.32225	5.31000	89.66667
13280	17-10-2025 2:53:08	19.41000	1.71000	-2.50000	92.00000	82.00000	88.00000	19.48518	84.96530	6.20667	87.33333
13281	17-10-2025 2:53:08	20.54000	1.38000	-2.34000	93.00000	85.00000	90.00000	20.58631	86.15630	6.52667	89.33333
13282	17-10-2025 2:53:08	19.28000	1.85000	-1.01000	90.00000	85.00000	92.00000	19.36855	84.51900	6.70667	89.00000
13283	17-10-2025 2:53:08	19.00000	2.78000	-0.85000	96.00000	86.00000	97.00000	19.20230	81.67579	6.97667	93.00000
13284	17-10-2025 2:53:08	20.28000	2.42000	-0.28000	84.00000	86.00000	90.00000	20.42388	83.19511	7.47333	86.66667
13285	17-10-2025 2:53:08	21.39000	3.50000	0.43000	94.00000	88.00000	91.00000	21.67446	80.70717	8.44000	91.00000
13286	17-10-2025 2:53:08	20.95000	2.10000	0.17000	93.00000	82.00000	96.00000	21.05499	84.27587	7.74000	90.33333
13287	17-10-2025 2:53:08	20.50000	3.60000	1.57000	83.00000	87.00000	94.00000	20.81370	80.03986	8.55667	88.00000
13288	17-10-2025 2:53:08	21.07000	-1.50000	3.03000	88.00000	79.00000	92.00000	21.12333	94.07209	7.53333	86.33333
13289	17-10-2025 2:53:08	20.85000	-2.96000	2.86000	90.00000	88.00000	95.00000	21.05906	98.08008	6.91667	91.00000
13290	17-10-2025 2:53:08	20.60000	-2.16000	0.23000	86.00000	81.00000	83.00000	20.71293	95.98584	6.22333	83.33333
13291	17-10-2025 2:53:08	21.31000	1.99000	-1.92000	86.00000	72.00000	91.00000	21.40271	84.66500	7.12667	83.00000
13292	17-10-2025 2:53:08	21.25000	-0.93000	0.05000	92.00000	76.00000	94.00000	21.27034	92.50593	6.79000	87.33333
13293	17-10-2025 2:53:08	22.28000	-2.14000	-2.34000	88.00000	81.00000	88.00000	22.38254	95.48644	5.93333	85.66667
13294	17-10-2025 2:53:08	19.90000	-0.23000	-4.14000	94.00000	77.00000	93.00000	19.90133	90.66218	5.17667	88.00000
13295	17-10-2025 2:53:08	21.95000	-0.68000	-3.48000	90.00000	80.00000	92.00000	21.96053	91.77443	5.93000	87.33333
13296	17-10-2025 2:53:08	20.28000	-0.56000	-2.96000	87.00000	85.00000	91.00000	20.28773	91.58173	5.58667	87.66667
13297	17-10-2025 2:53:08	18.10000	2.54000	-3.73000	90.00000	80.00000	75.00000	18.27735	82.01176	5.63667	81.66667
13298	17-10-2025 2:53:08	19.61000	2.77000	-3.60000	93.00000	85.00000	88.00000	19.80467	81.95991	6.26000	88.66667
13299	17-10-2025 2:53:08	19.60000	2.08000	-2.74000	88.00000	78.00000	89.00000	19.71006	83.94230	6.31333	85.00000
13300	17-10-2025 2:53:09	20.58000	1.74000	-3.50000	83.00000	80.00000	92.00000	20.65343	85.16724	6.27333	85.00000
13301	17-10-2025 2:53:09	19.36000	-0.78000	-3.78000	83.00000	76.00000	81.00000	19.37571	92.30716	4.93333	80.00000
13302	17-10-2025 2:53:09	21.79000	-5.39000	-2.83000	85.00000	78.00000	92.00000	22.44674	103.89386	4.52333	85.00000
13303	17-10-2025 2:53:09	19.67000	-2.60000	-4.17000	86.00000	65.00000	72.00000	19.84109	97.52976	4.30000	74.33333
13304	17-10-2025 2:53:09	21.12000	-2.45000	-2.87000	87.00000	63.00000	88.00000	21.26163	96.61695	5.26667	79.33333
13305	17-10-2025 2:53:09	22.45000	-1.80000	-2.07000	92.00000	83.00000	88.00000	22.52204	94.58406	6.19333	87.66667
13306	17-10-2025 2:53:09	20.38000	1.15000	-2.01000	84.00000	71.00000	82.00000	20.41242	86.77035	6.50667	79.00000
13307	17-10-2025 2:53:09	21.07000	-1.00000	-0.33000	89.00000	84.00000	85.00000	21.09372	92.71727	6.58000	86.00000
13308	17-10-2025 2:53:09	18.96000	-2.97000	0.69000	95.00000	84.00000	82.00000	19.19121	98.90278	5.56000	87.00000
13309	17-10-2025 2:53:09	19.72000	-2.85000	0.67000	85.00000	81.00000	94.00000	19.92488	98.22364	5.84667	86.66667
13310	17-10-2025 2:53:09	19.94000	-2.93000	1.26000	91.00000	93.00000	93.00000	20.15412	98.35927	6.09000	92.33333
13311	17-10-2025 2:53:09	18.90000	-3.22000	0.97000	89.00000	92.00000	88.00000	19.17233	99.66867	5.55000	89.66667
13312	17-10-2025 2:53:09	17.40000	-1.30000	-0.57000	91.00000	90.00000	90.00000	17.44850	94.27278	5.17667	90.33333
13313	17-10-2025 2:53:09	18.47000	0.97000	-0.69000	94.00000	81.00000	96.00000	18.49545	86.99373	6.25000	90.33333
13314	17-10-2025 2:53:09	19.00000	2.98000	-0.63000	86.00000	84.00000	95.00000	19.23227	81.08623	7.11667	88.33333
13315	17-10-2025 2:53:09	19.39000	1.72000	1.02000	82.00000	93.00000	92.00000	19.46614	84.93082	7.37667	89.00000
13316	17-10-2025 2:53:09	21.63000	0.59000	1.26000	90.00000	93.00000	96.00000	21.63804	88.43753	7.82667	93.00000
13317	17-10-2025 2:53:09	21.53000	1.81000	1.66000	89.00000	96.00000	96.00000	21.60595	85.19452	8.33333	93.66667
13318	17-10-2025 2:53:09	19.31000	-0.11000	0.71000	95.00000	94.00000	96.00000	19.31031	90.32638	6.63667	95.00000
13319	17-10-2025 2:53:09	18.24000	1.18000	0.92000	92.00000	89.00000	95.00000	18.27813	86.29852	6.78000	92.00000
13320	17-10-2025 2:53:09	19.13000	0.46000	1.18000	93.00000	92.00000	98.00000	19.13553	88.62253	6.92333	94.33333
13321	17-10-2025 2:53:09	19.04000	0.91000	0.83000	95.00000	91.00000	95.00000	19.06173	87.26368	6.92667	93.66667
13322	17-10-2025 2:53:09	18.42000	2.37000	0.76000	92.00000	88.00000	96.00000	18.57184	82.66835	7.18333	92.00000
13323	17-10-2025 2:53:09	18.59000	3.32000	0.39000	93.00000	89.00000	95.00000	18.88413	79.87426	7.43333	92.33333
13324	17-10-2025 2:53:09	17.56000	2.20000	0.92000	93.00000	89.00000	92.00000	17.69728	82.85892	6.89333	91.33333
13325	17-10-2025 2:53:09	16.46000	4.17000	0.77000	91.00000	76.00000	95.00000	16.98000	75.78371	7.13333	87.33333
13326	17-10-2025 2:53:09	18.18000	1.98000	0.98000	88.00000	79.00000	93.00000	18.28750	83.78436	7.04667	86.66667
13327	17-10-2025 2:53:09	16.62000	1.74000	1.57000	94.00000	88.00000	97.00000	16.71083	84.02330	6.64333	93.00000
13328	17-10-2025 2:53:09	18.41000	-1.52000	1.64000	92.00000	86.00000	94.00000	18.47264	94.71985	6.17667	90.66667
13329	17-10-2025 2:53:09	18.61000	-3.73000	1.79000	91.00000	91.00000	96.00000	18.98012	101.33361	5.55667	92.66667
13330	17-10-2025 2:53:09	17.17000	-2.81000	1.69000	92.00000	75.00000	96.00000	17.39842	99.29449	5.35000	87.66667
13331	17-10-2025 2:53:09	15.11000	0.28000	1.49000	93.00000	85.00000	96.00000	15.11259	88.93839	5.62667	91.33333
13332	17-10-2025 2:53:09	15.15000	1.31000	1.33000	93.00000	85.00000	96.00000	15.20653	85.05800	5.93000	91.33333
13333	17-10-2025 2:53:09	14.76000	2.05000	0.38000	93.00000	78.00000	97.00000	14.90168	82.09284	5.73000	89.33333
13334	17-10-2025 2:53:09	13.67000	3.37000	0.57000	91.00000	84.00000	93.00000	14.07927	76.15129	5.87000	89.33333
13335	17-10-2025 2:53:09	14.47000	0.17000	1.42000	93.00000	86.00000	97.00000	14.47100	89.32689	5.35333	92.00000
13336	17-10-2025 2:53:09	15.12000	-0.51000	1.70000	96.00000	93.00000	94.00000	15.12860	91.93186	5.43667	94.33333
13337	17-10-2025 2:53:09	15.45000	-0.18000	1.28000	94.00000	91.00000	97.00000	15.45105	90.66749	5.51667	94.00000
13338	17-10-2025 2:53:09	15.76000	2.79000	0.65000	91.00000	89.00000	93.00000	16.00505	79.96091	6.40000	91.00000
13339	17-10-2025 2:53:09	16.31000	-0.05000	1.40000	89.00000	91.00000	97.00000	16.31008	90.17565	5.88667	92.33333
13340	17-10-2025 2:53:09	15.81000	-0.78000	1.66000	93.00000	86.00000	98.00000	15.82923	92.82445	5.56333	92.33333
13341	17-10-2025 2:53:10	15.96000	-0.96000	1.39000	96.00000	93.00000	99.00000	15.98885	93.44222	5.46333	96.00000
13342	17-10-2025 2:53:10	15.18000	-0.69000	1.40000	97.00000	94.00000	99.00000	15.19567	92.60256	5.29667	96.66667
13343	17-10-2025 2:53:10	15.43000	-1.34000	1.61000	92.00000	93.00000	98.00000	15.48808	94.96333	5.23333	94.33333
13344	17-10-2025 2:53:10	15.00000	-3.71000	2.05000	94.00000	96.00000	98.00000	15.45199	103.89235	4.44667	96.00000
13345	17-10-2025 2:53:10	15.51000	-4.33000	1.87000	95.00000	95.00000	98.00000	16.10307	105.59839	4.35000	96.00000
13346	17-10-2025 2:53:10	15.37000	-3.62000	0.93000	97.00000	97.00000	98.00000	15.79054	103.25299	4.22667	97.33333
13347	17-10-2025 2:53:10	13.89000	0.77000	0.29000	96.00000	88.00000	98.00000	13.91133	86.82702	4.98333	94.00000
13348	17-10-2025 2:53:10	13.74000	0.66000	-0.15000	95.00000	85.00000	97.00000	13.75584	87.24991	4.75000	92.33333
13349	17-10-2025 2:53:10	12.75000	2.95000	-0.18000	95.00000	83.00000	97.00000	13.08683	76.97257	5.17333	91.66667
13350	17-10-2025 2:53:10	12.65000	3.15000	0.37000	93.00000	82.00000	96.00000	13.03630	76.01705	5.39000	90.33333
13351	17-10-2025 2:53:10	16.33000	-0.80000	1.52000	89.00000	83.00000	94.00000	16.34958	92.80465	5.68333	88.66667
13352	17-10-2025 2:53:10	16.06000	1.38000	1.39000	91.00000	88.00000	93.00000	16.11918	85.08877	6.27667	90.66667
13353	17-10-2025 2:53:10	16.56000	0.61000	0.62000	93.00000	88.00000	98.00000	16.57123	87.89042	5.93000	93.00000
13354	17-10-2025 2:53:10	15.98000	3.58000	1.46000	92.00000	79.00000	90.00000	16.37610	77.37252	7.00667	87.00000
13355	17-10-2025 2:53:10	16.17000	-0.92000	2.23000	87.00000	83.00000	94.00000	16.19615	93.25636	5.82667	88.00000
13356	17-10-2025 2:53:10	16.30000	0.49000	1.81000	93.00000	87.00000	96.00000	16.30736	88.27813	6.20000	92.00000
13357	17-10-2025 2:53:10	16.82000	-2.07000	2.33000	92.00000	90.00000	95.00000	16.94690	97.01599	5.69333	92.33333
13358	17-10-2025 2:53:10	16.27000	-4.18000	2.82000	88.00000	92.00000	94.00000	16.79837	104.40850	4.97000	91.33333
13359	17-10-2025 2:53:10	17.77000	-7.33000	3.46000	92.00000	87.00000	95.00000	19.22243	112.41580	4.63333	91.33333
13360	17-10-2025 2:53:10	18.61000	-8.32000	3.34000	88.00000	88.00000	87.00000	20.38515	114.08806	4.54333	87.66667
13361	17-10-2025 2:53:10	16.84000	-8.57000	2.84000	89.00000	85.00000	95.00000	18.89525	116.97188	3.70333	89.66667
13362	17-10-2025 2:53:10	15.89000	-5.90000	1.33000	92.00000	89.00000	94.00000	16.94999	110.37010	3.77333	91.66667
13363	17-10-2025 2:53:10	15.84000	-1.64000	0.05000	89.00000	87.00000	92.00000	15.92467	95.91108	4.75000	89.33333
13364	17-10-2025 2:53:10	13.68000	-0.71000	-0.90000	88.00000	86.00000	89.00000	13.69841	92.97102	4.02333	87.66667
13365	17-10-2025 2:53:10	14.37000	1.99000	-1.89000	97.00000	84.00000	92.00000	14.50714	82.11566	4.82333	91.00000
13366	17-10-2025 2:53:10	13.43000	8.83000	-0.92000	91.00000	74.00000	92.00000	16.07277	56.67575	7.11333	85.66667
13367	17-10-2025 2:53:10	13.80000	6.44000	0.98000	82.00000	80.00000	91.00000	15.22871	64.98311	7.07333	84.33333
13368	17-10-2025 2:53:10	13.08000	6.51000	2.75000	85.00000	85.00000	89.00000	14.61049	63.54017	7.44667	86.33333
13369	17-10-2025 2:53:10	15.81000	4.31000	4.44000	82.00000	89.00000	88.00000	16.38695	74.75101	8.18667	86.33333
13370	17-10-2025 2:53:10	18.40000	0.60000	5.51000	87.00000	81.00000	92.00000	18.40978	88.13232	8.17000	86.66667
13371	17-10-2025 2:53:10	19.28000	-0.90000	5.17000	91.00000	89.00000	96.00000	19.30099	92.67266	7.85000	92.00000
13372	17-10-2025 2:53:10	17.80000	-0.93000	5.44000	94.00000	91.00000	96.00000	17.82428	92.99082	7.43667	93.66667
13373	17-10-2025 2:53:10	16.49000	-0.73000	4.09000	88.00000	89.00000	95.00000	16.50615	92.53479	6.61667	90.66667
13374	17-10-2025 2:53:10	16.12000	0.09000	3.22000	91.00000	93.00000	91.00000	16.12025	89.68011	6.47667	91.66667
13375	17-10-2025 2:53:10	17.93000	1.15000	3.39000	90.00000	91.00000	95.00000	17.96684	86.33017	7.49000	92.00000
13376	17-10-2025 2:53:10	20.74000	-2.19000	2.79000	91.00000	91.00000	96.00000	20.85530	96.02770	7.11333	92.66667
13377	17-10-2025 2:53:10	18.90000	-0.89000	2.35000	90.00000	96.00000	96.00000	18.92094	92.69606	6.78667	94.00000
13378	17-10-2025 2:53:10	19.61000	-0.87000	2.04000	87.00000	87.00000	96.00000	19.62929	92.54027	6.92667	90.00000
13379	17-10-2025 2:53:10	19.52000	-1.57000	1.21000	91.00000	83.00000	93.00000	19.58304	94.59842	6.38667	89.00000
13380	17-10-2025 2:53:10	20.31000	-3.10000	0.44000	92.00000	93.00000	96.00000	20.54522	98.67831	5.88333	93.66667
13381	17-10-2025 2:53:11	18.70000	-3.19000	-1.38000	83.00000	88.00000	86.00000	18.97014	99.68080	4.71000	85.66667
13382	17-10-2025 2:53:11	19.38000	-2.97000	-2.19000	91.00000	89.00000	90.00000	19.60626	98.71284	4.74000	90.00000
13383	17-10-2025 2:53:11	20.19000	-2.42000	-0.19000	76.00000	82.00000	82.00000	20.33452	96.83494	5.86000	80.00000
13384	17-10-2025 2:53:11	21.77000	3.62000	-2.12000	90.00000	86.00000	88.00000	22.06892	80.55902	7.75667	88.00000
13385	17-10-2025 2:53:11	22.00000	-0.56000	-1.39000	90.00000	85.00000	96.00000	22.00713	91.45812	6.68333	90.33333
13386	17-10-2025 2:53:11	21.40000	-0.57000	-1.69000	87.00000	86.00000	91.00000	21.40759	91.52574	6.38000	88.00000
13387	17-10-2025 2:53:11	20.35000	1.14000	-2.89000	99.00000	84.00000	97.00000	20.38191	86.79366	6.20000	93.33333
13388	17-10-2025 2:53:11	19.43000	0.76000	-2.72000	95.00000	87.00000	92.00000	19.44486	87.76003	5.82333	91.33333
13389	17-10-2025 2:53:11	14.64000	5.58000	-2.63000	95.00000	85.00000	94.00000	15.66735	69.13578	5.86333	91.33333
13390	17-10-2025 2:53:11	14.10000	4.55000	-2.25000	95.00000	81.00000	94.00000	14.81595	72.11537	5.46667	90.00000
13391	17-10-2025 2:53:11	13.32000	4.82000	-1.32000	90.00000	92.00000	90.00000	14.16527	70.10674	5.60667	90.66667
13392	17-10-2025 2:53:11	15.09000	3.21000	0.09000	91.00000	93.00000	91.00000	15.42764	77.99084	6.13000	91.66667
13393	17-10-2025 2:53:11	15.91000	4.81000	0.50000	84.00000	92.00000	95.00000	16.62120	73.17859	7.07333	90.33333
13394	17-10-2025 2:53:11	16.28000	2.95000	0.90000	94.00000	92.00000	97.00000	16.54512	79.72922	6.71000	94.33333
13395	17-10-2025 2:53:11	15.72000	2.81000	0.06000	95.00000	92.00000	95.00000	15.96917	79.86524	6.19667	94.00000
13396	17-10-2025 2:53:11	15.86000	3.38000	0.56000	91.00000	93.00000	95.00000	16.21616	77.96940	6.60000	93.00000
13397	17-10-2025 2:53:11	15.87000	4.49000	0.83000	97.00000	90.00000	97.00000	16.49294	74.20253	7.06333	94.66667
13398	17-10-2025 2:53:11	16.29000	6.41000	1.42000	94.00000	92.00000	96.00000	17.50578	68.52071	8.04000	94.00000
13399	17-10-2025 2:53:11	15.95000	4.22000	1.47000	96.00000	94.00000	96.00000	16.49882	75.18043	7.21333	95.33333
13400	17-10-2025 2:53:11	15.35000	3.45000	1.21000	96.00000	94.00000	97.00000	15.73293	77.33294	6.67000	95.66667