filename,L,H,G,N_samples,u_mean,v_mean,w_mean
L220H12G16_Probe_1_(A837F)._clean.csv,220,12,16,11625,17.965097478793584,1.01762386537351,0.7937321325303991
L220H15G16_Probe_1_(A837F)._clean.csv,220,15,16,11315,18.64318027960801,2.289308262443146,0.3280141181079681
L220H18G14_Probe_1_(A837F)._clean.csv,220,18,14,9811,19.507819811134027,3.4619105432022264,0.8896198660006259
L220H22G14_Probe_1_(A837F)._clean.csv,220,22,14,9842,18.096363220516054,-3.850556939977173,1.09595189791809
L220H25G14_Probe_1_(A837F)._clean.csv,220,25,14,10098,19.63664925345604,1.7703554043341874,1.1118908169298136
L220H27G14_Probe_1_(A837F)._clean.csv,220,27,14,10387,20.721554617698608,2.9074946532931825,0.6447905837327408
L220H7G16_Probe_1_(A837F)._clean.csv,220,7,16,9946,15.964568977438535,-1.3196453598833884,0.7129357678019834
L220H9G16_Probe_1_(A837F)._clean.csv,220,9,16,10995,17.386749858574987,0.4151890975677473,0.46594140640029585
L230H08G1_Probe_1_(A837F)._clean.csv,230,8,1,10716,14.239818798427095,-5.059037123642503,0.949339446432403
L230H11G1_Probe_1_(A837F)._clean.csv,230,11,1,9746,17.318922435638274,0.7467173559338685,0.9155146346019545
L230H14G1_Probe_1_(A837F)._clean.csv,230,14,1,674,19.055174745334092,2.155503441246816,0.37004837422605685
L230H17G1_Probe_1_(A837F)._clean.csv,230,17,1,9766,18.37870207374193,2.1135975084274956,1.104367573141252
L230H20G11_Probe_1_(A837F)._clean.csv,230,20,11,11587,18.63531233618244,4.128904613367887,0.9932388702814977
L230H23G11_Probe_1_(A837F)._clean.csv,230,23,11,10425,19.465542873615785,1.4692449706817712,1.0680021359457135
L230H25G11_Probe_1_(A837F)._clean.csv,230,25,11,9886,20.20655180386469,3.5715203394670305,0.9253095955860379
L230H27G11_Probe_1_(A837F)._clean.csv,230,27,11,9984,20.389013479051084,2.7898866474103943,0.790086914851143
L238H18G8_Probe_1_(A837F)._clean.csv,238,18,8,10312,21.373736423584177,1.9756532752796585,1.7145645849495734
L238H20G8_Probe_1_(A837F)._clean.csv,238,20,8,13713,11.823202897468006,4.883660006672325,1.1682845038579088
L238H23G8_Probe_1_(A837F)._clean.csv,238,23,8,9870,19.615800592874216,2.3239581497671167,2.9283564203914327
L238H25G8_Probe_1_(A837F)._clean.csv,238,25,8,9917,20.039210023048316,2.6455674971724785,1.6740192819758433
L241H17G3_Probe_1_(A837F)._clean.csv,241,17,3,10552,6.571716698401739,3.224411747731627,0.376237764350989
L241H20G3_Probe_1_(A837F)._clean.csv,241,20,3,10242,20.948497958496926,5.1044364927464505,0.610914772939825
L241H22G3_Probe_1_(A837F)._clean.csv,241,22,3,11357,20.9538778512961,3.3343039798696177,2.112145616974348
L241H25G3_Probe_1_(A837F)._clean.csv,241,25,3,11331,20.658436510500113,2.7938048635104846,1.5228712816551113
L243H17G7_Probe_1_(A837F)._clean.csv,243,17,7,9603,1.2261988155551486,-1.394983975894147,0.2542846545755935
L243H2G7_Probe_1_(A837F)._clean.csv,243,2,7,2876,1.7898346180098081,-1.2130837841221085,0.2708841496378205
L243H4G7_Probe_1_(A837F)._clean.csv,243,4,7,9625,12.254540704334445,-6.403573039093587,1.0030903457379492
L243H8G7_Probe_1_(A837F)._clean.csv,243,8,7,9604,10.59786517136484,-14.066251352881654,1.9797740554969103
L245H17G5-4_Probe_1_(A837F)_clean.csv,245,17,5,10838,1.2012587915458948,-0.38439362277313915,0.3078544584415334
L245H20G5-4_Probe_1_(A837F)_clean.csv,245,20,5,10110,21.29358415224494,3.1620409140176364,1.2317381727784598
