Sample()	SampleTime(Date)	V1/X/E(cm/s)	V2/Y/N(cm/s)	V3/Z/U(cm/s)	Corr1(%)	Corr2(%)	Corr3(%)	Speed(cm/s)	Direction(deg)	MeanVel(cm/s)	MeanCorr(%)	V1/X/E(cm/s)_clean	V1/X/E(cm/s)_is_spike	V2/Y/N(cm/s)_clean	V2/Y/N(cm/s)_is_spike	V3/Z/U(cm/s)_clean	V3/Z/U(cm/s)_is_spike
12727	17-10-2025 2:52:54	18.68	1.45	-2.37	92.0	91.0	87.0	18.73619	85.56142	5.92	90.0	18.68	False	1.45	False	-2.37	False
12728	17-10-2025 2:52:54	16.1	6.39	-2.88	91.0	73.0	95.0	17.32172	68.35215	6.53667	86.33333	16.1	False	6.39	False	-2.88	False
12729	17-10-2025 2:52:54	15.14	6.24	-2.2	85.0	79.0	88.0	16.37551	67.60083	6.39333	84.0	15.14	False	6.24	False	-2.2	False
12730	17-10-2025 2:52:54	17.34	4.51	-2.0	94.0	73.0	90.0	17.91691	75.42083	6.61667	85.66667	17.34	False	4.51	False	-2.0	False
12731	17-10-2025 2:52:54	17.7	5.08	-1.13	92.0	86.0	97.0	18.41457	73.98622	7.21667	91.66667	17.7	False	5.08	False	-1.13	False
12732	17-10-2025 2:52:54	18.32	2.79	-0.83	94.0	85.0	90.0	18.53123	81.34081	6.76	89.66667	18.32	False	2.79	False	-0.8300000000000001	False
12733	17-10-2025 2:52:54	17.61	3.3	-0.69	94.0	87.0	96.0	17.91653	79.38624	6.74	92.33333	17.61	False	3.3	False	-0.69	False
12734	17-10-2025 2:52:54	15.56	6.91	0.12	96.0	69.0	98.0	17.02532	66.0546	7.53	87.66667	15.56	False	6.91	False	0.12	False
12735	17-10-2025 2:52:54	16.66	3.32	0.16	93.0	84.0	96.0	16.98758	78.72976	6.71333	91.0	16.66	False	3.32	False	0.16	False
12736	17-10-2025 2:52:54	17.65	2.3	1.36	87.0	95.0	94.0	17.79923	82.57553	7.10333	92.0	17.65	False	2.3	False	1.36	False
12737	17-10-2025 2:52:54	16.28	2.59	1.57	94.0	91.0	98.0	16.48474	80.96052	6.81333	94.33333	16.28	False	2.59	False	1.57	False
12738	17-10-2025 2:52:54	16.94	1.77	1.82	94.0	89.0	98.0	17.03222	84.03501	6.84333	93.66667	16.94	False	1.77	False	1.82	False
12739	17-10-2025 2:52:54	17.85	-0.17	2.31	92.0	94.0	98.0	17.85081	90.54566	6.66333	94.66667	17.85	False	-0.16999999999999993	False	2.31	False
12740	17-10-2025 2:52:54	16.97	-0.77	2.27	94.0	95.0	95.0	16.98746	92.59797	6.15667	94.66667	16.97	False	-0.77	False	2.27	False
12741	17-10-2025 2:52:55	18.36	-0.79	1.63	92.0	95.0	95.0	18.37699	92.46382	6.4	94.0	18.36	False	-0.79	False	1.63	False
12742	17-10-2025 2:52:55	18.11	-0.19	1.18	88.0	86.0	96.0	18.111	90.60109	6.36667	90.0	18.11	False	-0.18999999999999995	False	1.18	False
12743	17-10-2025 2:52:55	17.05	-0.66	1.29	94.0	87.0	94.0	17.06277	92.21679	5.89333	91.66667	17.05	False	-0.6600000000000001	False	1.29	False
12744	17-10-2025 2:52:55	16.48	0.93	0.42	94.0	79.0	94.0	16.50622	86.77011	5.94333	89.0	16.48	False	0.9300000000000002	False	0.42	False
12745	17-10-2025 2:52:55	16.1	0.3	-0.61	92.0	83.0	95.0	16.10279	88.9325	5.26333	90.0	16.1	False	0.30000000000000004	False	-0.6099999999999999	False
12746	17-10-2025 2:52:55	15.58	-1.56	0.87	89.0	89.0	92.0	15.65791	95.71788	4.96333	90.0	15.58	False	-1.56	False	0.87	False
12747	17-10-2025 2:52:55	13.63	0.92	1.78	95.0	68.0	96.0	13.66101	86.1385	5.44333	86.33333	13.63	False	0.9199999999999999	False	1.78	False
12748	17-10-2025 2:52:55	14.7	2.42	2.94	88.0	86.0	91.0	14.89787	80.65149	6.68667	88.33333	14.7	False	2.42	False	2.94	False
12749	17-10-2025 2:52:55	15.0	1.51	4.02	86.0	87.0	96.0	15.07581	84.25159	6.84333	89.66667	15.0	False	1.51	False	4.02	False
12750	17-10-2025 2:52:55	17.93	-1.46	4.72	93.0	94.0	94.0	17.98934	94.6552	7.06333	93.66667	17.93	False	-1.46	False	4.72	False
12751	17-10-2025 2:52:55	18.1	-2.06	3.94	88.0	94.0	98.0	18.21685	96.49302	6.66	93.33333	18.1	False	-2.0600000000000005	False	3.94	False
12752	17-10-2025 2:52:55	18.33	-1.58	3.6	91.0	95.0	98.0	18.39797	94.92657	6.78333	94.66667	18.33	False	-1.58	False	3.6	False
12753	17-10-2025 2:52:55	17.83	-1.4	3.73	91.0	93.0	98.0	17.88488	94.48962	6.72	94.0	17.83	False	-1.4	False	3.73	False
12754	17-10-2025 2:52:55	18.57	-0.54	2.34	93.0	93.0	96.0	18.57785	91.66564	6.79	94.0	18.57	False	-0.54	False	2.34	False
12755	17-10-2025 2:52:55	17.71	1.83	1.68	94.0	82.0	98.0	17.8043	84.10048	7.07333	91.33333	17.71	False	1.83	False	1.68	False
12756	17-10-2025 2:52:55	19.44	3.3	0.93	95.0	91.0	98.0	19.7181	80.3657	7.89	94.66667	19.44	False	3.3	False	0.93	False
12757	17-10-2025 2:52:55	19.16	-0.02	0.75	90.0	89.0	95.0	19.16001	90.05981	6.63	91.33333	19.16	False	-0.020000000000000018	False	0.75	False
12758	17-10-2025 2:52:55	19.79	0.56	-0.24	93.0	86.0	94.0	19.79792	88.37913	6.70333	91.0	19.79	False	0.56	False	-0.24	False
12759	17-10-2025 2:52:55	17.17	3.61	-1.02	96.0	81.0	94.0	17.5454	78.12648	6.58667	90.33333	17.17	False	3.61	False	-1.02	False
12760	17-10-2025 2:52:55	17.58	4.99	0.52	87.0	85.0	90.0	18.27448	74.15366	7.69667	87.33333	17.58	False	4.99	False	0.52	False
12761	17-10-2025 2:52:55	17.93	2.65	0.65	95.0	92.0	95.0	18.12477	81.59272	7.07667	94.0	17.93	False	2.65	False	0.65	False
12762	17-10-2025 2:52:55	18.84	2.65	1.15	89.0	96.0	93.0	19.02546	81.99341	7.54667	92.66667	18.84	False	2.65	False	1.15	False
12763	17-10-2025 2:52:55	18.7	2.27	1.68	94.0	93.0	98.0	18.83727	83.07871	7.55	95.0	18.7	False	2.27	False	1.68	False
12764	17-10-2025 2:52:55	18.84	4.03	1.28	92.0	86.0	96.0	19.2662	77.92601	8.05	91.33333	18.84	False	4.03	False	1.28	False
12765	17-10-2025 2:52:55	18.72	4.14	1.64	90.0	96.0	92.0	19.17232	77.52954	8.16667	92.66667	18.72	False	4.14	False	1.64	False
12766	17-10-2025 2:52:55	19.61	1.1	3.53	87.0	91.0	97.0	19.64083	86.78942	8.08	91.66667	19.61	False	1.1	False	3.53	False
12767	17-10-2025 2:52:55	18.03	3.12	2.58	93.0	88.0	97.0	18.29796	80.18248	7.91	92.66667	18.03	False	3.12	False	2.58	False
12768	17-10-2025 2:52:55	19.14	4.96	2.92	85.0	94.0	98.0	19.77223	75.47178	9.00667	92.33333	19.14	False	4.96	False	2.92	False
12769	17-10-2025 2:52:55	16.9	4.77	3.82	90.0	80.0	94.0	17.56026	74.23836	8.49667	88.0	16.9	False	4.77	False	3.82	False
12770	17-10-2025 2:52:55	18.23	1.76	3.53	91.0	91.0	98.0	18.31476	84.48552	7.84	93.33333	18.23	False	1.76	False	3.53	False
12771	17-10-2025 2:52:55	18.5	0.84	3.16	91.0	94.0	98.0	18.51906	87.40025	7.5	94.33333	18.5	False	0.8399999999999999	False	3.16	False
12772	17-10-2025 2:52:55	17.97	1.22	1.83	88.0	79.0	96.0	18.01137	86.1161	7.00667	87.66667	17.97	False	1.22	False	1.83	False
12773	17-10-2025 2:52:55	18.73	3.24	0.94	88.0	84.0	89.0	19.00817	80.18584	7.63667	87.0	18.73	False	3.24	False	0.94	False
12774	17-10-2025 2:52:55	19.65	-0.87	-0.2	84.0	89.0	90.0	19.66925	92.5351	6.19333	87.66667	19.65	False	-0.8700000000000001	False	-0.19999999999999996	False
12775	17-10-2025 2:52:55	19.17	1.79	0.05	91.0	92.0	93.0	19.25339	84.66547	7.00333	92.0	19.17	False	1.79	False	0.04999999999999999	False
12776	17-10-2025 2:52:55	18.02	1.34	1.05	89.0	94.0	95.0	18.06975	85.74721	6.80333	92.66667	18.02	False	1.34	False	1.05	False
12777	17-10-2025 2:52:55	18.17	-0.28	1.18	92.0	94.0	95.0	18.17216	90.88286	6.35667	93.66667	18.17	False	-0.28000000000000025	False	1.18	False
12778	17-10-2025 2:52:55	16.53	-1.18	0.56	91.0	88.0	93.0	16.57206	94.08315	5.30333	90.66667	16.53	False	-1.1799999999999997	False	0.56	False
12779	17-10-2025 2:52:55	17.08	2.58	-0.58	95.0	92.0	93.0	17.27376	81.41019	6.36	93.33333	17.08	False	2.58	False	-0.58	False
12780	17-10-2025 2:52:56	17.59	1.98	0.46	82.0	75.0	85.0	17.70109	83.57759	6.67667	80.66667	17.59	False	1.98	False	0.46	False
12781	17-10-2025 2:52:56	20.8	-0.98	2.17	89.0	85.0	91.0	20.82307	92.69752	7.33	88.33333	20.8	False	-0.98	False	2.17	False
12782	17-10-2025 2:52:56	19.42	0.44	2.08	94.0	86.0	96.0	19.42498	88.70207	7.31333	92.0	19.42	False	0.43999999999999995	False	2.08	False
12783	17-10-2025 2:52:56	19.7	3.19	2.29	86.0	90.0	97.0	19.95661	80.80199	8.39333	91.0	19.7	False	3.19	False	2.29	False
12784	17-10-2025 2:52:56	19.21	2.42	2.78	92.0	86.0	97.0	19.36183	82.81993	8.13667	91.66667	19.21	False	2.42	False	2.78	False
12785	17-10-2025 2:52:56	17.31	3.62	2.87	88.0	90.0	97.0	17.68447	78.1881	7.93333	91.66667	17.31	False	3.62	False	2.87	False
12786	17-10-2025 2:52:56	18.04	4.15	1.79	89.0	86.0	94.0	18.51119	77.04482	7.99333	89.66667	18.04	False	4.15	False	1.79	False
12787	17-10-2025 2:52:56	17.14	0.54	1.89	91.0	93.0	97.0	17.1485	88.19548	6.52333	93.66667	17.14	False	0.54	False	1.89	False
12788	17-10-2025 2:52:56	17.77	0.07	0.52	88.0	95.0	84.0	17.77014	89.7743	6.12	89.0	17.77	False	0.06999999999999984	False	0.52	False
12789	17-10-2025 2:52:56	15.26	2.91	-1.66	72.0	88.0	80.0	15.53498	79.20363	5.50333	80.0	15.26	False	2.91	False	-1.6600000000000001	False
12790	17-10-2025 2:52:56	18.39	2.22	-2.88	98.0	91.0	90.0	18.52351	83.11669	5.91	93.0	18.39	False	2.22	False	-2.88	False
12791	17-10-2025 2:52:56	19.49	1.62	-3.57	94.0	79.0	89.0	19.55721	85.24852	5.84667	87.33333	19.49	False	1.62	False	-3.57	False
12792	17-10-2025 2:52:56	20.41	3.71	-3.16	86.0	81.0	90.0	20.74445	79.69762	6.98667	85.66667	20.41	False	3.71	False	-3.16	False
12793	17-10-2025 2:52:56	18.6	3.14	-3.24	90.0	85.0	89.0	18.86318	80.41783	6.16667	88.0	18.6	False	3.14	False	-3.24	False
12794	17-10-2025 2:52:56	17.82	5.48	-2.31	96.0	91.0	93.0	18.64357	72.90631	6.99667	93.33333	17.82	False	5.48	False	-2.31	False
12795	17-10-2025 2:52:56	18.59	4.42	-2.7	93.0	80.0	90.0	19.10823	76.62556	6.77	87.66667	18.59	False	4.42	False	-2.7	False
12796	17-10-2025 2:52:56	18.29	-0.32	-3.23	95.0	73.0	84.0	18.2928	91.00234	4.91333	84.0	18.29	False	-0.31999999999999984	False	-3.23	False
12797	17-10-2025 2:52:56	14.4	1.92	-1.02	68.0	73.0	84.0	14.52744	82.40536	5.1	75.0	19.516149107901366	True	1.92	False	-2.6183862770119166	True
12798	17-10-2025 2:52:56	20.89	-0.79	1.67	83.0	92.0	92.0	20.90493	92.16573	7.25667	89.0	20.89	False	-0.79	False	-2.3275434750514368	True
12799	17-10-2025 2:52:56	19.94	-1.04	0.89	90.0	90.0	92.0	19.9671	92.98564	6.59667	90.66667	19.94	False	-1.04	False	0.89	False
12800	17-10-2025 2:52:56	21.71	-1.29	-1.15	92.0	84.0	96.0	21.74829	93.4005	6.42333	90.66667	21.71	False	-1.29	False	-1.15	False
12801	17-10-2025 2:52:56	21.54	0.66	-1.83	93.0	86.0	92.0	21.55011	88.24497	6.79	90.33333	21.54	False	0.6600000000000001	False	-1.83	False
12802	17-10-2025 2:52:56	20.94	1.02	-1.65	91.0	80.0	95.0	20.96483	87.21129	6.77	88.66667	20.94	False	1.02	False	-1.65	False
12803	17-10-2025 2:52:56	18.43	2.88	-1.87	91.0	70.0	97.0	18.65367	81.11839	6.48	86.0	18.43	False	2.88	False	-1.87	False
12804	17-10-2025 2:52:56	16.51	3.31	-1.63	94.0	77.0	86.0	16.83853	78.66337	6.06333	85.66667	16.51	False	3.31	False	-1.63	False
12805	17-10-2025 2:52:56	15.71	3.36	-0.44	87.0	71.0	88.0	16.0653	77.92766	6.21	82.0	15.71	False	3.36	False	-0.43999999999999995	False
12806	17-10-2025 2:52:56	18.17	-0.26	1.39	87.0	94.0	82.0	18.17186	90.81981	6.43333	87.66667	18.17	False	-0.2599999999999998	False	1.39	False
12807	17-10-2025 2:52:56	18.81	-3.34	2.24	91.0	91.0	97.0	19.10423	100.06879	5.90333	93.0	18.81	False	-3.34	False	2.24	False
12808	17-10-2025 2:52:56	18.8	-1.0	1.22	92.0	92.0	94.0	18.82658	93.04478	6.34	92.66667	18.8	False	-1.0	False	1.22	False
12809	17-10-2025 2:52:56	18.03	0.31	0.24	90.0	88.0	94.0	18.03266	89.01498	6.19333	90.66667	18.03	False	0.31000000000000005	False	0.24	False
12810	17-10-2025 2:52:56	16.93	2.53	-0.14	91.0	80.0	96.0	17.118	81.50068	6.44	89.0	16.93	False	2.53	False	-0.14	False
12811	17-10-2025 2:52:56	18.03	1.23	1.01	86.0	89.0	95.0	18.07191	86.09735	6.75667	90.0	18.03	False	1.23	False	1.01	False
12812	17-10-2025 2:52:56	17.05	-1.67	0.36	92.0	87.0	90.0	17.13159	95.59412	5.24667	89.66667	17.05	False	-1.67	False	0.36	False
12813	17-10-2025 2:52:56	16.62	-0.1	-0.62	95.0	84.0	93.0	16.6203	90.34474	5.3	90.66667	16.62	False	-0.10000000000000009	False	-0.6200000000000001	False
12814	17-10-2025 2:52:56	16.41	0.67	-0.53	85.0	84.0	82.0	16.42367	87.66198	5.51667	83.66667	16.41	False	0.6699999999999999	False	-0.53	False
12815	17-10-2025 2:52:56	16.37	-0.86	1.24	79.0	91.0	91.0	16.39257	93.00728	5.58333	87.0	16.37	False	-0.8599999999999999	False	1.24	False
12816	17-10-2025 2:52:56	20.25	1.04	3.13	70.0	73.0	92.0	20.27669	87.05999	8.14	78.33333	20.25	False	1.04	False	3.13	False
12817	17-10-2025 2:52:56	22.24	-2.59	3.98	83.0	88.0	88.0	22.3903	96.64256	7.87667	86.33333	22.24	False	-2.59	False	3.98	False
12818	17-10-2025 2:52:56	19.67	-2.3	2.02	81.0	93.0	89.0	19.80401	96.66927	6.46333	87.66667	19.67	False	-2.3	False	2.02	False
12819	17-10-2025 2:52:56	19.01	-0.33	1.56	85.0	87.0	90.0	19.01286	90.99451	6.74667	87.33333	19.01	False	-0.33000000000000007	False	1.56	False
12820	17-10-2025 2:52:56	17.48	-0.79	0.21	85.0	87.0	90.0	17.49784	92.58769	5.63333	87.33333	17.48	False	-0.79	False	0.21	False
12821	17-10-2025 2:52:57	18.45	-3.46	-0.13	92.0	76.0	92.0	18.77163	100.62153	4.95333	86.66667	18.45	False	-3.46	False	-0.13	False
12822	17-10-2025 2:52:57	15.33	-1.31	0.58	93.0	90.0	95.0	15.38587	94.88425	4.86667	92.66667	15.33	False	-1.31	False	0.58	False
12823	17-10-2025 2:52:57	16.62	-1.64	0.46	93.0	86.0	93.0	16.70072	95.63549	5.14667	90.66667	16.62	False	-1.6399999999999997	False	0.46	False
12824	17-10-2025 2:52:57	16.42	-3.04	0.68	95.0	88.0	92.0	16.69904	100.48898	4.68667	91.66667	16.42	False	-3.04	False	0.68	False
12825	17-10-2025 2:52:57	15.69	3.08	-0.79	85.0	89.0	92.0	15.98945	78.89387	5.99333	88.66667	15.69	False	3.08	False	-0.79	False
12826	17-10-2025 2:52:57	19.1	2.96	-0.56	93.0	79.0	95.0	19.328	81.19073	7.16667	89.0	19.1	False	2.96	False	-0.56	False
12827	17-10-2025 2:52:57	18.88	-0.93	0.03	85.0	80.0	88.0	18.90289	92.82002	5.99333	84.33333	18.88	False	-0.9300000000000002	False	0.030000000000000027	False
12828	17-10-2025 2:52:57	20.53	-0.54	1.18	90.0	90.0	97.0	20.5371	91.5067	7.05667	92.33333	20.53	False	-0.54	False	1.18	False
12829	17-10-2025 2:52:57	20.55	1.77	0.19	91.0	89.0	94.0	20.62609	85.07718	7.50333	91.33333	20.55	False	1.77	False	0.19	False
12830	17-10-2025 2:52:57	20.43	3.3	-0.61	95.0	90.0	97.0	20.6948	80.82443	7.70667	94.0	20.43	False	3.3	False	-0.6099999999999999	False
12831	17-10-2025 2:52:57	19.31	5.05	0.1	97.0	91.0	94.0	19.95942	75.3441	8.15333	94.0	19.31	False	5.05	False	0.09999999999999998	False
12832	17-10-2025 2:52:57	20.02	4.58	-0.08	95.0	94.0	95.0	20.53721	77.11412	8.17333	94.66667	20.02	False	4.58	False	-0.08000000000000002	False
12833	17-10-2025 2:52:57	19.11	4.38	0.01	93.0	88.0	94.0	19.60552	77.09081	7.83333	91.66667	19.11	False	4.38	False	0.010000000000000009	False
12834	17-10-2025 2:52:57	19.45	5.28	-0.23	95.0	92.0	95.0	20.15393	74.8122	8.16667	94.0	19.45	False	5.28	False	-0.22999999999999998	False
12835	17-10-2025 2:52:57	19.91	4.64	-0.98	95.0	93.0	91.0	20.44352	76.88144	7.85667	93.0	19.91	False	4.64	False	-0.98	False
12836	17-10-2025 2:52:57	20.37	1.69	-0.21	88.0	94.0	92.0	20.43999	85.25731	7.28333	91.33333	20.37	False	1.69	False	-0.20999999999999996	False
12837	17-10-2025 2:52:57	20.33	0.21	0.36	93.0	88.0	92.0	20.33108	89.40818	6.96667	91.0	20.33	False	0.20999999999999996	False	0.36	False
12838	17-10-2025 2:52:57	19.62	1.45	0.34	93.0	95.0	95.0	19.67351	85.77329	7.13667	94.33333	19.62	False	1.45	False	0.34	False
12839	17-10-2025 2:52:57	17.79	2.27	0.03	95.0	88.0	97.0	17.93424	82.72837	6.69667	93.33333	17.79	False	2.27	False	0.030000000000000027	False
12840	17-10-2025 2:52:57	18.21	3.18	-0.47	96.0	91.0	96.0	18.48558	80.09436	6.97333	94.33333	18.21	False	3.18	False	-0.47	False
12841	17-10-2025 2:52:57	17.48	3.12	-0.98	98.0	97.0	97.0	17.75626	79.87987	6.54	97.33333	17.48	False	3.12	False	-0.98	False
12842	17-10-2025 2:52:57	17.76	3.4	-0.94	95.0	91.0	96.0	18.08252	79.16234	6.74	94.0	17.76	False	3.4	False	-0.94	False
12843	17-10-2025 2:52:57	17.61	3.72	-0.65	95.0	88.0	96.0	17.99863	78.07199	6.89333	93.0	17.61	False	3.72	False	-0.6499999999999999	False
12844	17-10-2025 2:52:57	17.89	5.47	0.37	87.0	89.0	93.0	18.70757	72.9986	7.91	89.66667	17.89	False	5.47	False	0.37	False
12845	17-10-2025 2:52:57	19.14	2.15	1.31	86.0	93.0	92.0	19.26038	83.59082	7.53333	90.33333	19.14	False	2.15	False	1.31	False
12846	17-10-2025 2:52:57	20.42	-1.03	1.83	93.0	94.0	97.0	20.44596	92.88759	7.07333	94.66667	20.42	False	-1.0300000000000002	False	1.83	False
12847	17-10-2025 2:52:57	19.69	0.96	1.39	96.0	90.0	94.0	19.71339	87.20871	7.34667	93.33333	19.69	False	0.96	False	1.39	False
12848	17-10-2025 2:52:57	18.83	4.46	0.42	94.0	93.0	95.0	19.35098	76.67471	7.90333	94.0	18.83	False	4.46	False	0.42	False
12849	17-10-2025 2:52:57	19.65	2.39	0.79	89.0	91.0	93.0	19.79481	83.06526	7.61	91.0	19.65	False	2.39	False	0.79	False
12850	17-10-2025 2:52:57	18.96	1.93	0.79	94.0	92.0	95.0	19.05798	84.1877	7.22667	93.66667	18.96	False	1.93	False	0.79	False
12851	17-10-2025 2:52:57	19.74	-0.13	0.64	94.0	90.0	94.0	19.74043	90.37732	6.75	92.66667	19.74	False	-0.1299999999999999	False	0.64	False
12852	17-10-2025 2:52:57	18.28	2.01	-0.04	93.0	91.0	94.0	18.39017	83.72518	6.75	92.66667	18.28	False	2.01	False	-0.03999999999999998	False
12853	17-10-2025 2:52:57	17.89	1.83	-0.25	93.0	95.0	96.0	17.98335	84.15943	6.49	94.66667	17.89	False	1.83	False	-0.25	False
12854	17-10-2025 2:52:57	19.07	0.92	-0.17	95.0	94.0	95.0	19.09218	87.238	6.60667	94.66667	19.07	False	0.9199999999999999	False	-0.17000000000000004	False
12855	17-10-2025 2:52:57	18.8	2.2	0.29	96.0	91.0	98.0	18.92829	83.32553	7.09667	95.0	18.8	False	2.2	False	0.29	False
12856	17-10-2025 2:52:57	19.45	2.07	0.02	93.0	94.0	92.0	19.55984	83.92506	7.18	93.0	19.45	False	2.07	False	0.020000000000000018	False
12857	17-10-2025 2:52:57	17.1	4.36	-0.08	96.0	89.0	97.0	17.64709	75.69602	7.12667	94.0	17.1	False	4.36	False	-0.08000000000000002	False
12858	17-10-2025 2:52:57	17.06	3.74	-0.51	98.0	92.0	97.0	17.46514	77.63487	6.76333	95.66667	17.06	False	3.74	False	-0.51	False
12859	17-10-2025 2:52:57	16.47	4.42	-1.17	95.0	87.0	99.0	17.05278	74.97768	6.57333	93.66667	16.47	False	4.42	False	-1.17	False
12860	17-10-2025 2:52:58	15.88	6.66	-1.03	98.0	95.0	96.0	17.22005	67.24704	7.17	96.33333	15.88	False	6.66	False	-1.03	False
12861	17-10-2025 2:52:58	16.38	5.92	-0.43	94.0	95.0	96.0	17.41697	70.12932	7.29	95.0	16.38	False	5.92	False	-0.42999999999999994	False
12862	17-10-2025 2:52:58	17.22	4.18	0.07	95.0	95.0	96.0	17.72007	76.35586	7.15667	95.33333	17.22	False	4.18	False	0.07	False
12863	17-10-2025 2:52:58	18.0	4.07	0.5	96.0	91.0	97.0	18.4544	77.25904	7.52333	94.66667	18.0	False	4.07	False	0.5	False
12864	17-10-2025 2:52:58	17.8	5.05	0.23	94.0	92.0	96.0	18.5025	74.16094	7.69333	94.0	17.8	False	5.05	False	0.23	False
12865	17-10-2025 2:52:58	17.91	3.81	-0.03	97.0	94.0	93.0	18.31077	77.99048	7.23	94.66667	17.91	False	3.81	False	-0.030000000000000027	False
12866	17-10-2025 2:52:58	17.6	3.18	-0.22	97.0	94.0	95.0	17.88498	79.75819	6.85333	95.33333	17.6	False	3.18	False	-0.21999999999999997	False
12867	17-10-2025 2:52:58	17.56	2.47	-0.28	94.0	91.0	94.0	17.73287	81.99327	6.58333	93.0	17.56	False	2.47	False	-0.28	False
12868	17-10-2025 2:52:58	16.67	3.57	0.4	92.0	95.0	94.0	17.04799	77.91229	6.88	93.66667	16.67	False	3.57	False	0.4	False
12869	17-10-2025 2:52:58	17.24	3.56	1.39	95.0	93.0	97.0	17.60373	78.33261	7.39667	95.0	17.24	False	3.56	False	1.39	False
12870	17-10-2025 2:52:58	17.21	4.23	1.26	93.0	95.0	98.0	17.72222	76.19115	7.56667	95.33333	17.21	False	4.23	False	1.26	False
12871	17-10-2025 2:52:58	17.88	2.63	0.99	97.0	97.0	98.0	18.07239	81.63227	7.16667	97.33333	17.88	False	2.63	False	0.99	False
12872	17-10-2025 2:52:58	18.05	2.23	1.19	96.0	96.0	98.0	18.18723	82.95704	7.15667	96.66667	18.05	False	2.23	False	1.19	False
12873	17-10-2025 2:52:58	17.53	2.47	0.74	94.0	93.0	96.0	17.70316	81.97975	6.91333	94.33333	17.53	False	2.47	False	0.74	False
12874	17-10-2025 2:52:58	17.25	2.63	0.17	98.0	95.0	96.0	17.44934	81.33123	6.68333	96.33333	17.25	False	2.63	False	0.17	False
12875	17-10-2025 2:52:58	16.08	2.57	-0.06	96.0	94.0	98.0	16.28408	80.91945	6.19667	96.0	16.08	False	2.57	False	-0.06	False
12876	17-10-2025 2:52:58	17.17	1.22	-0.69	95.0	94.0	95.0	17.21329	85.93573	5.9	94.66667	17.17	False	1.22	False	-0.69	False
12877	17-10-2025 2:52:58	15.59	4.32	-0.59	93.0	88.0	94.0	16.17747	74.51191	6.44	91.66667	15.59	False	4.32	False	-0.59	False
12878	17-10-2025 2:52:58	17.73	2.81	-0.51	88.0	91.0	94.0	17.9513	80.99419	6.67667	91.0	17.73	False	2.81	False	-0.51	False
12879	17-10-2025 2:52:58	16.01	6.25	-0.83	94.0	73.0	95.0	17.1867	68.67527	7.14333	87.33333	16.01	False	6.25	False	-0.8300000000000001	False
12880	17-10-2025 2:52:58	16.42	4.0	0.21	85.0	86.0	86.0	16.90019	76.30911	6.87667	85.66667	16.42	False	4.0	False	0.21	False
12881	17-10-2025 2:52:58	17.07	2.9	1.32	90.0	88.0	97.0	17.31459	80.35815	7.09667	91.66667	17.07	False	2.9	False	1.32	False
12882	17-10-2025 2:52:58	16.64	3.06	2.38	92.0	89.0	96.0	16.91902	79.58005	7.36	92.33333	16.64	False	3.06	False	2.38	False
12883	17-10-2025 2:52:58	18.95	2.14	3.26	88.0	89.0	96.0	19.07045	83.55696	8.11667	91.0	18.95	False	2.14	False	3.26	False
12884	17-10-2025 2:52:58	19.6	-0.97	2.58	95.0	92.0	97.0	19.62399	92.83325	7.07	94.66667	19.6	False	-0.9699999999999998	False	2.58	False
12885	17-10-2025 2:52:58	19.22	2.0	1.74	94.0	93.0	94.0	19.32378	84.05928	7.65333	93.66667	19.22	False	2.0	False	1.74	False
12886	17-10-2025 2:52:58	22.35	0.67	2.14	87.0	89.0	95.0	22.36004	88.28292	8.38667	90.33333	22.35	False	0.6699999999999999	False	2.14	False
12887	17-10-2025 2:52:58	21.95	0.46	2.22	77.0	81.0	95.0	21.95482	88.79944	8.21	84.33333	21.95	False	0.45999999999999996	False	2.22	False
12888	17-10-2025 2:52:58	21.51	-1.38	2.38	92.0	82.0	96.0	21.55422	93.67085	7.50333	90.0	21.51	False	-1.38	False	2.38	False
12889	17-10-2025 2:52:58	19.27	-4.59	1.63	84.0	94.0	92.0	19.80911	103.39786	5.43667	90.0	19.27	False	-4.59	False	1.63	False
12890	17-10-2025 2:52:58	19.96	-2.37	0.51	94.0	88.0	95.0	20.10021	96.77145	6.03333	92.33333	19.96	False	-2.37	False	0.51	False
12891	17-10-2025 2:52:58	21.72	0.25	-0.02	95.0	85.0	93.0	21.72144	89.34055	7.31667	91.0	21.72	False	0.25	False	-0.020000000000000018	False
12892	17-10-2025 2:52:58	19.92	3.4	1.57	89.0	83.0	96.0	20.20808	80.31394	8.29667	89.33333	19.92	False	3.4	False	1.57	False
12893	17-10-2025 2:52:58	20.63	1.55	3.34	82.0	87.0	92.0	20.68815	85.70325	8.50667	87.0	20.63	False	1.55	False	3.34	False
12894	17-10-2025 2:52:58	22.68	-0.72	4.43	86.0	77.0	91.0	22.69143	91.8183	8.79667	84.66667	22.68	False	-0.7199999999999998	False	4.43	False
12895	17-10-2025 2:52:58	18.42	1.06	2.16	75.0	79.0	85.0	18.45047	86.70648	7.21333	79.66667	18.42	False	1.06	False	2.16	False
12896	17-10-2025 2:52:58	18.37	3.03	0.38	91.0	82.0	94.0	18.61821	80.6338	7.26	89.0	18.37	False	3.03	False	0.38	False
12897	17-10-2025 2:52:58	18.51	1.99	-0.01	93.0	79.0	95.0	18.61666	83.86373	6.83	89.0	18.51	False	1.99	False	-0.010000000000000009	False
12898	17-10-2025 2:52:58	18.37	1.79	0.83	92.0	86.0	92.0	18.457	84.43458	6.99667	90.0	18.37	False	1.79	False	0.83	False
12899	17-10-2025 2:52:58	19.31	0.89	0.17	94.0	82.0	96.0	19.3305	87.3611	6.79	90.66667	19.31	False	0.8900000000000001	False	0.17	False
12900	17-10-2025 2:52:59	19.17	1.21	1.43	86.0	89.0	96.0	19.20815	86.38831	7.27	90.33333	19.17	False	1.21	False	1.43	False
12901	17-10-2025 2:52:59	20.32	1.42	1.77	94.0	90.0	97.0	20.36956	86.00256	7.83667	93.66667	20.32	False	1.42	False	1.77	False
12902	17-10-2025 2:52:59	20.46	0.56	1.01	94.0	85.0	92.0	20.46766	88.43218	7.34333	90.33333	20.46	False	0.56	False	1.01	False
12903	17-10-2025 2:52:59	19.45	1.77	0.88	92.0	84.0	93.0	19.53037	84.80026	7.36667	89.66667	19.45	False	1.77	False	0.88	False
12904	17-10-2025 2:52:59	19.97	-1.09	0.86	85.0	87.0	93.0	19.99972	93.12421	6.58	88.33333	19.97	False	-1.0899999999999999	False	0.86	False
12905	17-10-2025 2:52:59	19.64	0.18	1.79	87.0	89.0	89.0	19.64082	89.4749	7.20333	88.33333	19.64	False	0.17999999999999994	False	1.79	False
12906	17-10-2025 2:52:59	19.48	2.37	1.43	84.0	79.0	96.0	19.62364	83.0633	7.76	86.33333	19.48	False	2.37	False	1.43	False
12907	17-10-2025 2:52:59	22.68	-2.54	1.7	85.0	87.0	93.0	22.82179	96.3901	7.28	88.33333	22.68	False	-2.54	False	1.7	False
12908	17-10-2025 2:52:59	24.22	-1.52	1.2	86.0	85.0	88.0	24.26765	93.59106	7.96667	86.33333	24.22	False	-1.52	False	1.2	False
12909	17-10-2025 2:52:59	22.47	-0.45	1.15	93.0	91.0	98.0	22.47451	91.14729	7.72333	94.0	22.47	False	-0.4500000000000002	False	1.15	False
12910	17-10-2025 2:52:59	23.11	-0.55	0.51	94.0	77.0	97.0	23.11654	91.36334	7.69	89.33333	23.11	False	-0.5499999999999998	False	0.51	False
12911	17-10-2025 2:52:59	22.36	1.68	1.24	82.0	91.0	95.0	22.42302	85.7032	8.42667	89.33333	22.36	False	1.68	False	1.24	False
12912	17-10-2025 2:52:59	22.54	0.53	2.06	89.0	89.0	95.0	22.54623	88.65301	8.37667	91.0	22.54	False	0.53	False	2.06	False
12913	17-10-2025 2:52:59	22.96	0.59	2.58	89.0	88.0	98.0	22.96758	88.528	8.71	91.66667	22.96	False	0.5899999999999999	False	2.58	False
12914	17-10-2025 2:52:59	20.89	1.6	2.61	94.0	87.0	94.0	20.95118	85.62017	8.36667	91.66667	20.89	False	1.6	False	2.61	False
12915	17-10-2025 2:52:59	22.31	-0.81	2.44	92.0	89.0	94.0	22.3247	92.0793	7.98	91.66667	22.31	False	-0.81	False	2.44	False
12916	17-10-2025 2:52:59	20.85	-0.05	3.03	89.0	84.0	96.0	20.85006	90.1374	7.94333	89.66667	20.85	False	-0.04999999999999982	False	3.03	False
12917	17-10-2025 2:52:59	22.92	-0.83	3.78	87.0	90.0	95.0	22.93502	92.07394	8.62333	90.66667	22.92	False	-0.8300000000000001	False	3.78	False
12918	17-10-2025 2:52:59	20.66	-0.1	3.62	89.0	85.0	95.0	20.66024	90.27732	8.06	89.66667	20.66	False	-0.10000000000000009	False	3.62	False
12919	17-10-2025 2:52:59	22.63	0.02	2.67	92.0	87.0	97.0	22.63001	89.94936	8.44	92.0	22.63	False	0.020000000000000018	False	2.67	False
12920	17-10-2025 2:52:59	21.79	-0.11	1.93	93.0	88.0	97.0	21.79028	90.28924	7.87	92.66667	21.79	False	-0.10999999999999988	False	1.93	False
12921	17-10-2025 2:52:59	19.79	1.46	1.7	94.0	89.0	96.0	19.84378	85.78067	7.65	93.0	19.79	False	1.46	False	1.7	False
12922	17-10-2025 2:52:59	20.59	2.02	2.22	95.0	94.0	98.0	20.68885	84.39688	8.27667	95.66667	20.59	False	2.02	False	2.22	False
12923	17-10-2025 2:52:59	19.52	1.0	2.36	95.0	90.0	96.0	19.5456	87.06733	7.62667	93.66667	19.52	False	1.0	False	2.36	False
12924	17-10-2025 2:52:59	20.34	0.39	1.8	93.0	87.0	97.0	20.34374	88.90154	7.51	92.33333	20.34	False	0.3900000000000001	False	1.8	False
12925	17-10-2025 2:52:59	19.68	2.42	1.36	95.0	82.0	97.0	19.82823	82.98968	7.82	91.33333	19.68	False	2.42	False	1.36	False
12926	17-10-2025 2:52:59	19.81	3.39	1.43	88.0	92.0	95.0	20.09797	80.28928	8.21	91.66667	19.81	False	3.39	False	1.43	False
12927	17-10-2025 2:52:59	19.58	2.33	1.32	94.0	84.0	95.0	19.71815	83.21377	7.74333	91.0	19.58	False	2.33	False	1.32	False
12928	17-10-2025 2:52:59	20.74	1.24	1.27	95.0	92.0	95.0	20.77703	86.57848	7.75	94.0	20.74	False	1.24	False	1.27	False
12929	17-10-2025 2:52:59	19.08	3.33	-0.02	91.0	90.0	97.0	19.36841	80.09998	7.46333	92.66667	19.08	False	3.33	False	-0.020000000000000018	False
12930	17-10-2025 2:52:59	17.66	5.23	0.44	92.0	91.0	95.0	18.41816	73.50337	7.77667	92.66667	17.66	False	5.23	False	0.44	False
12931	17-10-2025 2:52:59	17.98	2.05	1.57	86.0	92.0	90.0	18.09649	83.49548	7.2	89.33333	17.98	False	2.05	False	1.57	False
12932	17-10-2025 2:52:59	18.61	2.47	1.16	93.0	95.0	98.0	18.7732	82.43964	7.41333	95.33333	18.61	False	2.47	False	1.16	False
12933	17-10-2025 2:52:59	20.17	-0.42	0.44	96.0	81.0	97.0	20.17437	91.1929	6.73	91.33333	20.17	False	-0.41999999999999993	False	0.44	False
12934	17-10-2025 2:52:59	19.31	0.6	-1.84	89.0	81.0	90.0	19.31932	88.22028	6.02333	86.66667	19.31	False	0.6000000000000001	False	-1.8399999999999999	False
12935	17-10-2025 2:52:59	18.58	2.91	-1.62	94.0	89.0	93.0	18.8065	81.09865	6.62333	92.0	18.58	False	2.91	False	-1.62	False
12936	17-10-2025 2:52:59	17.74	2.86	0.09	96.0	95.0	95.0	17.96906	80.84171	6.89667	95.33333	17.74	False	2.86	False	0.08999999999999997	False
12937	17-10-2025 2:52:59	19.38	1.31	-0.44	96.0	89.0	96.0	19.42422	86.13295	6.75	93.66667	19.38	False	1.31	False	-0.43999999999999995	False
12938	17-10-2025 2:52:59	19.16	0.93	-0.95	94.0	88.0	95.0	19.18256	87.22112	6.38	92.33333	19.16	False	0.9300000000000002	False	-0.95	False
12939	17-10-2025 2:52:59	20.14	1.3	-1.22	92.0	88.0	97.0	20.18191	86.30679	6.74	92.33333	20.14	False	1.3	False	-1.22	False
12940	17-10-2025 2:52:59	20.32	1.3	-1.43	93.0	87.0	96.0	20.36154	86.33941	6.73	92.0	20.32	False	1.3	False	-1.43	False
12941	17-10-2025 2:53:00	18.39	6.65	-0.99	91.0	76.0	97.0	19.55542	70.11952	8.01667	88.0	18.39	False	6.65	False	-0.99	False
12942	17-10-2025 2:53:00	19.05	4.62	0.41	86.0	87.0	95.0	19.60222	76.36784	8.02667	89.33333	19.05	False	4.62	False	0.41	False
12943	17-10-2025 2:53:00	21.63	2.35	-0.61	94.0	92.0	97.0	21.75728	83.7994	7.79	94.33333	21.63	False	2.35	False	-0.6099999999999999	False
12944	17-10-2025 2:53:00	21.89	2.48	-0.79	95.0	87.0	93.0	22.03004	83.53631	7.86	91.66667	21.89	False	2.48	False	-0.79	False
12945	17-10-2025 2:53:00	22.33	2.52	-0.88	92.0	82.0	94.0	22.47174	83.56126	7.99	89.33333	22.33	False	2.52	False	-0.8799999999999999	False
12946	17-10-2025 2:53:00	22.26	2.58	-0.96	96.0	80.0	92.0	22.40902	83.38875	7.96	89.33333	22.26	False	2.58	False	-0.96	False
12947	17-10-2025 2:53:00	21.98	3.81	-0.36	90.0	88.0	89.0	22.30777	80.1661	8.47667	89.0	21.98	False	3.81	False	-0.36	False
12948	17-10-2025 2:53:00	20.77	0.3	-0.24	97.0	74.0	93.0	20.77217	89.17248	6.94333	88.0	20.77	False	0.30000000000000004	False	-0.24	False
12949	17-10-2025 2:53:00	18.76	2.12	1.32	90.0	78.0	87.0	18.87941	83.55256	7.4	85.0	18.76	False	2.12	False	1.32	False
12950	17-10-2025 2:53:00	20.07	3.2	2.36	92.0	84.0	97.0	20.32351	80.9409	8.54333	91.0	20.07	False	3.2	False	2.36	False
12951	17-10-2025 2:53:00	20.58	4.37	2.67	88.0	86.0	98.0	21.03885	78.01176	9.20667	90.66667	20.58	False	4.37	False	2.67	False
12952	17-10-2025 2:53:00	21.94	3.35	2.84	90.0	89.0	98.0	22.19428	81.31861	9.37667	92.33333	21.94	False	3.35	False	2.84	False
12953	17-10-2025 2:53:00	20.33	4.54	3.27	93.0	87.0	94.0	20.83076	77.41152	9.38	91.33333	20.33	False	4.54	False	3.27	False
12954	17-10-2025 2:53:00	20.8	1.99	2.73	90.0	95.0	96.0	20.89498	84.53497	8.50667	93.66667	20.8	False	1.99	False	2.73	False
12955	17-10-2025 2:53:00	18.72	3.0	2.49	92.0	93.0	96.0	18.95886	80.8954	8.07	93.66667	18.72	False	3.0	False	2.49	False
12956	17-10-2025 2:53:00	17.86	2.42	1.82	95.0	86.0	97.0	18.02321	82.28351	7.36667	92.66667	17.86	False	2.42	False	1.82	False
12957	17-10-2025 2:53:00	17.86	3.85	3.14	85.0	81.0	94.0	18.27025	77.83515	8.28333	86.66667	17.86	False	3.85	False	3.14	False
12958	17-10-2025 2:53:00	20.35	1.7	2.08	71.0	85.0	74.0	20.42088	85.22471	8.04333	76.66667	20.35	False	1.7	False	2.08	False
12959	17-10-2025 2:53:00	21.27	2.27	0.25	94.0	92.0	95.0	21.39079	83.90828	7.93	93.66667	21.27	False	2.27	False	0.25	False
12960	17-10-2025 2:53:00	21.5	5.89	-1.04	93.0	77.0	90.0	22.2922	74.67951	8.78333	86.66667	21.5	False	5.89	False	-1.04	False
12961	17-10-2025 2:53:00	18.33	9.84	-0.18	94.0	70.0	94.0	20.80419	61.77199	9.33	86.0	18.33	False	9.84	False	-0.17999999999999994	False
12962	17-10-2025 2:53:00	19.49	6.22	1.52	84.0	64.0	86.0	20.45846	72.30014	9.07667	78.0	19.49	False	6.22	False	1.52	False
12963	17-10-2025 2:53:00	22.99	2.52	1.9	89.0	93.0	92.0	23.1277	83.74462	9.13667	91.33333	22.99	False	2.52	False	1.9	False
12964	17-10-2025 2:53:00	23.78	0.07	1.01	87.0	79.0	92.0	23.7801	89.83134	8.28667	86.0	23.78	False	0.06999999999999984	False	-0.8298415911385408	True
12965	17-10-2025 2:53:00	22.88	3.79	-1.75	86.0	86.0	84.0	23.19178	80.59454	8.30667	85.33333	22.88	False	3.79	False	-1.2802980980640886	True
12966	17-10-2025 2:53:00	19.87	7.31	-4.37	86.0	59.0	87.0	21.17199	69.80187	7.60333	77.33333	19.87	False	7.31	False	-1.7191077170200177	True
12967	17-10-2025 2:53:00	21.37	8.2	-3.92	95.0	75.0	90.0	22.88923	69.00742	8.55	86.66667	21.37	False	8.2	False	-3.92	False
12968	17-10-2025 2:53:00	20.47	7.54	-2.55	95.0	79.0	88.0	21.8145	69.77903	8.48667	87.33333	20.47	False	7.54	False	-2.55	False
12969	17-10-2025 2:53:00	21.67	5.09	-1.8	94.0	86.0	86.0	22.25976	76.78159	8.32	88.66667	21.67	False	5.09	False	-1.7999999999999998	False
12970	17-10-2025 2:53:00	22.32	2.45	-2.58	91.0	90.0	83.0	22.45406	83.73589	7.39667	88.0	22.32	False	2.45	False	-2.58	False
12971	17-10-2025 2:53:00	21.2	4.25	-3.86	91.0	84.0	89.0	21.62181	78.66408	7.19667	88.0	21.2	False	4.25	False	-3.8599999999999994	False
12972	17-10-2025 2:53:00	20.17	4.27	-4.24	97.0	81.0	91.0	20.61703	78.04693	6.73333	89.66667	20.17	False	4.27	False	-4.24	False
12973	17-10-2025 2:53:00	20.13	6.13	-4.04	96.0	81.0	86.0	21.04267	73.06343	7.40667	87.66667	20.13	False	6.13	False	-4.04	False
12974	17-10-2025 2:53:00	19.82	6.08	-3.93	96.0	86.0	86.0	20.73159	72.94604	7.32333	89.33333	19.82	False	6.08	False	-3.9299999999999997	False
12975	17-10-2025 2:53:00	19.86	6.22	-4.18	92.0	88.0	87.0	20.81125	72.60984	7.3	89.0	19.86	False	6.22	False	-4.18	False
12976	17-10-2025 2:53:00	21.29	4.58	-3.85	95.0	67.0	83.0	21.77706	77.8593	7.34	81.66667	21.29	False	4.58	False	-3.8499999999999996	False
12977	17-10-2025 2:53:00	20.93	6.89	-3.9	97.0	92.0	83.0	22.0349	71.77884	7.97333	90.66667	20.93	False	6.89	False	-3.9000000000000004	False
12978	17-10-2025 2:53:00	20.02	5.52	-3.17	95.0	90.0	92.0	20.76706	74.58518	7.45667	92.33333	20.02	False	5.52	False	-3.17	False
12979	17-10-2025 2:53:00	20.19	6.76	-3.18	95.0	78.0	78.0	21.29163	71.48847	7.92333	83.66667	20.19	False	6.76	False	-3.18	False
12980	17-10-2025 2:53:01	20.83	6.41	-2.96	95.0	84.0	87.0	21.79397	72.89534	8.09333	88.66667	20.83	False	6.41	False	-2.96	False
12981	17-10-2025 2:53:01	21.92	5.01	-2.43	80.0	81.0	81.0	22.48525	77.12571	8.16667	80.66667	21.92	False	5.01	False	-2.43	False
12982	17-10-2025 2:53:01	19.75	4.8	-2.13	87.0	84.0	84.0	20.32492	76.3398	7.47333	85.0	19.75	False	4.8	False	-2.13	False
12983	17-10-2025 2:53:01	19.87	5.33	-2.54	89.0	87.0	92.0	20.57245	74.98426	7.55333	89.33333	19.87	False	5.33	False	-2.54	False
12984	17-10-2025 2:53:01	21.08	5.52	-1.42	92.0	92.0	92.0	21.79075	75.32603	8.39333	92.0	21.08	False	5.52	False	-1.42	False
12985	17-10-2025 2:53:01	19.76	6.83	-1.88	96.0	91.0	95.0	20.90709	70.93241	8.23667	94.0	19.76	False	6.83	False	-1.88	False
12986	17-10-2025 2:53:01	19.13	5.76	-2.02	96.0	89.0	94.0	19.97835	73.24307	7.62333	93.0	19.13	False	5.76	False	-2.02	False
12987	17-10-2025 2:53:01	19.01	4.91	-1.98	95.0	75.0	93.0	19.63385	75.51786	7.31333	87.66667	19.01	False	4.91	False	-1.98	False
12988	17-10-2025 2:53:01	18.23	2.49	-2.17	95.0	81.0	90.0	18.39927	82.22221	6.18333	88.66667	18.23	False	2.49	False	-2.17	False
12989	17-10-2025 2:53:01	17.57	1.67	-1.97	94.0	87.0	90.0	17.64919	84.57044	5.75667	90.33333	17.57	False	1.67	False	-1.9699999999999998	False
12990	17-10-2025 2:53:01	16.74	1.77	-1.57	88.0	86.0	88.0	16.83332	83.96427	5.64667	87.33333	16.74	False	1.77	False	-1.57	False
12991	17-10-2025 2:53:01	18.18	1.03	-0.91	95.0	89.0	90.0	18.20915	86.75734	6.1	91.33333	18.18	False	1.03	False	-0.9100000000000001	False
12992	17-10-2025 2:53:01	18.12	-2.63	-1.25	90.0	83.0	92.0	18.30987	98.25844	4.74667	88.33333	18.12	False	-2.63	False	-1.25	False
12993	17-10-2025 2:53:01	17.75	-0.52	-1.24	91.0	84.0	89.0	17.75761	91.67804	5.33	88.0	17.75	False	-0.52	False	-1.24	False
12994	17-10-2025 2:53:01	16.88	1.32	-0.86	94.0	73.0	95.0	16.93153	85.52862	5.78	87.33333	16.88	False	1.32	False	-0.8599999999999999	False
12995	17-10-2025 2:53:01	17.44	2.61	-0.2	95.0	80.0	93.0	17.63422	81.48851	6.61667	89.33333	17.44	False	2.61	False	-0.19999999999999996	False
12996	17-10-2025 2:53:01	18.6	3.31	0.39	86.0	90.0	88.0	18.89222	79.90945	7.43333	88.0	18.6	False	3.31	False	0.39	False
12997	17-10-2025 2:53:01	19.14	1.96	0.43	94.0	90.0	91.0	19.24009	84.1531	7.17667	91.66667	19.14	False	1.96	False	0.43	False
12998	17-10-2025 2:53:01	18.97	2.77	1.17	87.0	92.0	94.0	19.17117	81.69238	7.63667	91.0	18.97	False	2.77	False	1.17	False
12999	17-10-2025 2:53:01	19.63	3.49	1.22	95.0	95.0	95.0	19.93783	79.91877	8.11333	95.0	19.63	False	3.49	False	1.22	False
13000	17-10-2025 2:53:01	19.68	2.49	0.05	88.0	93.0	91.0	19.8369	82.789	7.40667	90.66667	19.68	False	2.49	False	0.04999999999999999	False
13001	17-10-2025 2:53:01	21.34	1.12	-0.83	91.0	85.0	97.0	21.36937	86.99567	7.21	91.0	21.34	False	1.12	False	-0.8300000000000001	False
13002	17-10-2025 2:53:01	20.71	2.5	-1.83	96.0	82.0	93.0	20.86035	83.11687	7.12667	90.33333	20.71	False	2.5	False	-1.83	False
13003	17-10-2025 2:53:01	22.16	1.94	-1.23	88.0	87.0	95.0	22.24476	84.99679	7.62333	90.0	22.16	False	1.94	False	-1.23	False
13004	17-10-2025 2:53:01	21.42	4.76	-1.34	93.0	76.0	92.0	21.94252	77.47119	8.28	87.0	21.42	False	4.76	False	-1.34	False
13005	17-10-2025 2:53:01	19.88	4.02	-1.1	84.0	80.0	85.0	20.28238	78.56819	7.6	83.0	19.88	False	4.02	False	-1.1	False
13006	17-10-2025 2:53:01	21.84	3.47	0.1	88.0	90.0	89.0	22.11394	80.97215	8.47	89.0	21.84	False	3.47	False	0.09999999999999998	False
13007	17-10-2025 2:53:01	21.15	4.29	1.16	92.0	86.0	96.0	21.5807	78.53386	8.86667	91.33333	21.15	False	4.29	False	1.16	False
13008	17-10-2025 2:53:01	22.28	5.74	1.48	87.0	92.0	96.0	23.00752	75.55304	9.83333	91.66667	22.28	False	5.74	False	1.48	False
13009	17-10-2025 2:53:01	21.6	6.81	0.57	96.0	88.0	93.0	22.64809	72.5011	9.66	92.33333	21.6	False	6.81	False	0.57	False
13010	17-10-2025 2:53:01	21.92	6.21	0.57	92.0	81.0	91.0	22.78268	74.18242	9.56667	88.0	21.92	False	6.21	False	0.57	False
13011	17-10-2025 2:53:01	22.41	2.4	1.09	84.0	90.0	94.0	22.53815	83.8872	8.63333	89.33333	22.41	False	2.4	False	1.09	False
13012	17-10-2025 2:53:01	22.78	2.23	1.33	93.0	91.0	94.0	22.88889	84.40896	8.78	92.66667	22.78	False	2.23	False	1.33	False
13013	17-10-2025 2:53:01	23.2	3.24	1.2	91.0	81.0	95.0	23.42515	82.04977	9.21333	89.0	23.2	False	3.24	False	1.2	False
13014	17-10-2025 2:53:01	24.73	1.16	1.92	90.0	81.0	95.0	24.75719	87.31442	9.27	88.66667	24.73	False	1.16	False	1.92	False
13015	17-10-2025 2:53:01	23.75	5.59	0.98	94.0	95.0	94.0	24.39899	76.75545	10.10667	94.33333	23.75	False	5.59	False	0.98	False
13016	17-10-2025 2:53:01	22.49	7.84	0.71	94.0	84.0	92.0	23.81734	70.78148	10.34667	90.0	22.49	False	7.84	False	0.71	False
13017	17-10-2025 2:53:01	23.04	5.33	1.56	87.0	89.0	92.0	23.64848	76.97451	9.97667	89.33333	23.04	False	5.33	False	1.56	False
13018	17-10-2025 2:53:01	22.0	6.28	1.38	86.0	89.0	92.0	22.87878	74.06836	9.88667	89.0	22.0	False	6.28	False	1.38	False
13019	17-10-2025 2:53:01	23.7	5.44	1.2	88.0	89.0	93.0	24.31632	77.07249	10.11333	90.0	23.7	False	5.44	False	1.2	False
13020	17-10-2025 2:53:01	23.1	3.9	1.39	90.0	93.0	95.0	23.42691	80.41706	9.46333	92.66667	23.1	False	3.9	False	1.39	False
13021	17-10-2025 2:53:02	24.38	4.44	1.04	95.0	96.0	95.0	24.781	79.67861	9.95333	95.33333	24.38	False	4.44	False	1.04	False
13022	17-10-2025 2:53:02	25.25	2.79	0.98	93.0	90.0	97.0	25.40367	83.69468	9.67333	93.33333	25.25	False	2.79	False	0.98	False
13023	17-10-2025 2:53:02	22.81	5.79	0.95	94.0	91.0	95.0	23.53338	75.75708	9.85	93.33333	22.81	False	5.79	False	0.95	False
13024	17-10-2025 2:53:02	21.58	5.73	1.1	91.0	84.0	94.0	22.32777	75.12974	9.47	89.66667	21.58	False	5.73	False	1.1	False
13025	17-10-2025 2:53:02	19.79	5.65	1.03	95.0	83.0	92.0	20.58073	74.06608	8.82333	90.0	19.79	False	5.65	False	1.03	False
13026	17-10-2025 2:53:02	19.77	6.26	1.28	87.0	78.0	94.0	20.73742	72.43006	9.10333	86.33333	19.77	False	6.26	False	1.28	False
13027	17-10-2025 2:53:02	21.95	4.27	1.61	92.0	85.0	91.0	22.36147	78.99157	9.27667	89.33333	21.95	False	4.27	False	1.61	False
13028	17-10-2025 2:53:02	20.77	3.96	1.29	92.0	87.0	94.0	21.14414	79.20556	8.67333	91.0	20.77	False	3.96	False	1.29	False
13029	17-10-2025 2:53:02	20.25	5.42	0.83	94.0	87.0	96.0	20.9628	75.01576	8.83333	92.33333	20.25	False	5.42	False	0.83	False
13030	17-10-2025 2:53:02	18.88	7.29	1.12	87.0	91.0	92.0	20.23854	68.88729	9.09667	90.0	18.88	False	7.29	False	1.12	False
13031	17-10-2025 2:53:02	20.44	3.53	0.65	93.0	94.0	93.0	20.74258	80.20164	8.20667	93.33333	20.44	False	3.53	False	0.65	False
13032	17-10-2025 2:53:02	18.96	2.63	1.45	91.0	88.0	92.0	19.14154	82.10272	7.68	90.33333	18.96	False	2.63	False	1.45	False
13033	17-10-2025 2:53:02	19.52	3.99	0.57	86.0	80.0	98.0	19.92362	78.44755	8.02667	88.0	19.52	False	3.99	False	0.57	False
13034	17-10-2025 2:53:02	22.66	-1.6	2.37	59.0	85.0	84.0	22.71642	94.03889	7.81	76.0	22.66	False	-1.6	False	2.37	False
13035	17-10-2025 2:53:02	20.83	8.62	1.07	88.0	78.0	78.0	22.54314	67.51895	10.17333	81.33333	18.762768695662185	True	8.62	False	1.07	False
13036	17-10-2025 2:53:02	17.95	4.31	2.04	88.0	50.0	89.0	18.46019	76.49823	8.1	75.66667	17.95	False	4.31	False	2.04	False
13037	17-10-2025 2:53:02	14.49	7.78	1.63	83.0	65.0	72.0	16.44653	61.76767	7.96667	73.33333	18.86575519895028	True	7.78	False	1.63	False
13038	17-10-2025 2:53:02	14.09	9.72	-0.04	87.0	68.0	81.0	17.11743	55.40011	7.92333	78.66667	14.09	False	9.72	False	-0.03999999999999998	False
13039	17-10-2025 2:53:02	18.01	5.8	1.19	89.0	73.0	89.0	18.92089	72.14919	8.33333	83.66667	18.01	False	5.8	False	1.19	False
13040	17-10-2025 2:53:02	17.15	6.78	1.9	86.0	72.0	91.0	18.44155	68.42936	8.61	83.0	17.15	False	6.78	False	1.9	False
13041	17-10-2025 2:53:02	19.07	7.47	3.3	82.0	88.0	95.0	20.48086	68.60899	9.94667	88.33333	19.07	False	7.47	False	3.3	False
13042	17-10-2025 2:53:02	20.57	3.65	2.78	91.0	89.0	93.0	20.89132	79.938	9.0	91.0	20.57	False	3.65	False	2.78	False
13043	17-10-2025 2:53:02	19.86	4.73	1.97	87.0	94.0	95.0	20.4155	76.6036	8.85333	92.0	19.86	False	4.73	False	1.97	False
13044	17-10-2025 2:53:02	20.03	4.44	1.55	95.0	96.0	97.0	20.5162	77.50148	8.67333	96.0	20.03	False	4.44	False	1.55	False
13045	17-10-2025 2:53:02	20.51	4.76	1.26	92.0	92.0	95.0	21.05511	76.934	8.84333	93.0	20.51	False	4.76	False	1.26	False
13046	17-10-2025 2:53:02	20.19	6.08	1.22	91.0	94.0	97.0	21.0856	73.24089	9.16333	94.0	20.19	False	6.08	False	1.22	False
13047	17-10-2025 2:53:02	20.91	6.36	1.35	90.0	89.0	92.0	21.85584	73.0823	9.54	90.33333	20.91	False	6.36	False	1.35	False
13048	17-10-2025 2:53:02	19.94	6.33	-0.43	89.0	85.0	95.0	20.92062	72.38784	8.61333	89.66667	19.94	False	6.33	False	-0.42999999999999994	False
13049	17-10-2025 2:53:02	17.91	7.54	-1.24	96.0	86.0	93.0	19.43244	67.16921	8.07	91.66667	17.91	False	7.54	False	-1.24	False
13050	17-10-2025 2:53:02	18.64	6.03	-1.74	96.0	81.0	97.0	19.59108	72.07372	7.64333	91.33333	18.64	False	6.03	False	-1.7400000000000002	False
13051	17-10-2025 2:53:02	18.85	4.01	-1.36	96.0	91.0	93.0	19.27181	77.99038	7.16667	93.33333	18.85	False	4.01	False	-1.36	False
13052	17-10-2025 2:53:02	19.74	0.49	-0.64	96.0	92.0	95.0	19.74608	88.57806	6.53	94.33333	19.74	False	0.49	False	-0.6400000000000001	False
13053	17-10-2025 2:53:02	20.84	0.74	-1.44	90.0	85.0	87.0	20.85313	87.96636	6.71333	87.33333	20.84	False	0.74	False	-1.44	False
13054	17-10-2025 2:53:02	16.97	3.23	-2.47	91.0	72.0	94.0	17.27466	79.22346	5.91	85.66667	16.97	False	3.23	False	-2.47	False
13055	17-10-2025 2:53:02	17.01	4.93	-2.96	96.0	72.0	90.0	17.71003	73.83685	6.32667	86.0	17.01	False	4.93	False	-2.96	False
13056	17-10-2025 2:53:02	17.39	4.95	-2.31	94.0	78.0	91.0	18.08078	74.11119	6.67667	87.66667	17.39	False	4.95	False	-2.31	False
13057	17-10-2025 2:53:02	19.96	2.59	-2.61	93.0	89.0	91.0	20.12734	82.60664	6.64667	91.0	19.96	False	2.59	False	-2.61	False
13058	17-10-2025 2:53:02	22.72	1.83	-1.71	88.0	84.0	83.0	22.79358	85.39501	7.61333	85.0	22.72	False	1.83	False	-1.71	False
13059	17-10-2025 2:53:02	21.58	0.41	-2.72	90.0	80.0	88.0	21.58389	88.91156	6.42333	86.0	21.58	False	0.4099999999999999	False	-2.72	False
13060	17-10-2025 2:53:02	21.14	-1.12	-3.64	96.0	82.0	92.0	21.16965	93.0327	5.46	90.0	21.14	False	-1.12	False	-3.6400000000000006	False
13061	17-10-2025 2:53:03	19.46	0.66	-3.24	90.0	85.0	90.0	19.47119	88.05752	5.62667	88.33333	19.46	False	0.6600000000000001	False	-3.24	False
13062	17-10-2025 2:53:03	19.49	-0.98	-2.9	94.0	83.0	93.0	19.51462	92.87853	5.20333	90.0	19.49	False	-0.98	False	-2.9	False
13063	17-10-2025 2:53:03	18.66	1.41	-2.15	95.0	86.0	91.0	18.7132	85.67879	5.97333	90.66667	18.66	False	1.41	False	-2.15	False
13064	17-10-2025 2:53:03	21.01	1.63	-1.63	92.0	88.0	95.0	21.07313	85.56376	7.00333	91.66667	21.01	False	1.63	False	-1.63	False
13065	17-10-2025 2:53:03	21.29	1.69	-0.55	85.0	84.0	87.0	21.35697	85.46138	7.47667	85.33333	21.29	False	1.69	False	-0.55	False
13066	17-10-2025 2:53:03	22.14	3.09	-0.72	84.0	83.0	64.0	22.35459	82.05476	8.17	77.0	22.14	False	3.09	False	-0.72	False
13067	17-10-2025 2:53:03	20.57	4.18	-1.86	94.0	83.0	84.0	20.99041	78.51341	7.63	87.0	20.57	False	4.18	False	-1.8600000000000003	False
13068	17-10-2025 2:53:03	18.38	3.06	-1.07	91.0	86.0	93.0	18.63298	80.54779	6.79	90.0	18.38	False	3.06	False	-1.07	False
13069	17-10-2025 2:53:03	18.6	2.23	-1.17	81.0	83.0	86.0	18.7332	83.1633	6.55333	83.33333	18.6	False	2.23	False	-1.17	False
13070	17-10-2025 2:53:03	20.49	4.79	-2.31	90.0	81.0	84.0	21.04244	76.84211	7.65667	85.0	20.49	False	4.79	False	-2.31	False
13071	17-10-2025 2:53:03	21.5	3.38	-2.85	83.0	85.0	71.0	21.76406	81.0657	7.34333	79.66667	21.5	False	3.38	False	-2.85	False
13072	17-10-2025 2:53:03	17.59	1.24	-1.4	84.0	82.0	86.0	17.63365	85.96763	5.81	84.0	17.59	False	1.24	False	-1.4	False
13073	17-10-2025 2:53:03	20.27	-0.7	-0.48	74.0	87.0	92.0	20.28208	91.97785	6.36333	84.33333	20.27	False	-0.7000000000000002	False	-0.48	False
13074	17-10-2025 2:53:03	22.01	-3.57	-0.02	90.0	92.0	93.0	22.29765	99.21308	6.14	91.66667	22.01	False	-3.5700000000000003	False	-0.020000000000000018	False
13075	17-10-2025 2:53:03	19.99	-1.31	-0.95	91.0	87.0	97.0	20.03288	93.74939	5.91	91.66667	19.99	False	-1.31	False	-0.95	False
13076	17-10-2025 2:53:03	19.17	-2.71	-1.01	91.0	76.0	90.0	19.3606	98.0464	5.15	85.66667	19.17	False	-2.71	False	-1.01	False
13077	17-10-2025 2:53:03	18.32	-1.09	-1.34	89.0	78.0	89.0	18.3524	93.40496	5.29667	85.33333	18.32	False	-1.0899999999999999	False	-1.34	False
13078	17-10-2025 2:53:03	18.94	-1.55	0.37	79.0	78.0	81.0	19.00332	94.67851	5.92	79.33333	18.94	False	-1.5499999999999998	False	0.37	False
13079	17-10-2025 2:53:03	18.91	-1.61	-0.1	84.0	69.0	89.0	18.97841	94.86643	5.73333	80.66667	18.91	False	-1.6100000000000003	False	-0.09999999999999998	False
13080	17-10-2025 2:53:03	21.49	0.3	0.14	87.0	73.0	89.0	21.49209	89.2002	7.31	83.0	21.49	False	0.30000000000000004	False	0.14	False
13081	17-10-2025 2:53:03	23.33	0.89	0.57	89.0	88.0	93.0	23.34697	87.81532	8.26333	90.0	23.33	False	0.8900000000000001	False	0.57	False
13082	17-10-2025 2:53:03	21.99	-0.17	0.07	87.0	94.0	93.0	21.99066	90.44293	7.29667	91.33333	21.99	False	-0.16999999999999993	False	0.07	False
13083	17-10-2025 2:53:03	19.43	2.9	-1.91	88.0	76.0	82.0	19.64523	81.51106	6.80667	82.0	19.43	False	2.9	False	-1.9100000000000001	False
13084	17-10-2025 2:53:03	18.79	4.34	-3.15	96.0	60.0	88.0	19.2847	76.99425	6.66	81.33333	18.79	False	4.34	False	-3.15	False
13085	17-10-2025 2:53:03	18.55	2.02	-2.67	95.0	71.0	89.0	18.65966	83.78527	5.96667	85.0	18.55	False	2.02	False	-2.67	False
13086	17-10-2025 2:53:03	18.71	2.77	-2.28	90.0	87.0	87.0	18.91394	81.57858	6.4	88.0	18.71	False	2.77	False	-2.28	False
13087	17-10-2025 2:53:03	19.45	3.18	-1.78	96.0	81.0	93.0	19.70824	80.71452	6.95	90.0	19.45	False	3.18	False	-1.7800000000000002	False
13088	17-10-2025 2:53:03	19.1	0.82	-1.42	93.0	75.0	97.0	19.11759	87.54169	6.16667	88.33333	19.1	False	0.8199999999999998	False	-1.42	False
13089	17-10-2025 2:53:03	19.05	0.59	-0.96	95.0	83.0	93.0	19.05913	88.22605	6.22667	90.33333	19.05	False	0.5899999999999999	False	-0.96	False
13090	17-10-2025 2:53:03	18.02	-0.08	-0.16	81.0	79.0	81.0	18.02018	90.25436	5.92667	80.33333	18.02	False	-0.08000000000000007	False	-0.16000000000000003	False
13091	17-10-2025 2:53:03	21.03	-2.55	-0.23	83.0	87.0	91.0	21.18404	96.91367	6.08333	87.0	21.03	False	-2.55	False	-0.22999999999999998	False
13092	17-10-2025 2:53:03	21.38	2.96	-0.69	94.0	91.0	92.0	21.58393	82.11767	7.88333	92.33333	21.38	False	2.96	False	-0.69	False
13093	17-10-2025 2:53:03	20.95	2.06	-1.15	96.0	91.0	91.0	21.05104	84.3842	7.28667	92.66667	20.95	False	2.06	False	-1.15	False
13094	17-10-2025 2:53:03	20.28	1.5	-0.56	96.0	86.0	93.0	20.3354	85.76985	7.07333	91.66667	20.28	False	1.5	False	-0.56	False
13095	17-10-2025 2:53:03	20.38	0.04	-1.52	84.0	88.0	89.0	20.38004	89.88755	6.3	87.0	20.38	False	0.040000000000000036	False	-1.52	False
13096	17-10-2025 2:53:03	20.17	2.65	-3.99	93.0	82.0	87.0	20.34334	82.51517	6.27667	87.33333	20.17	False	2.65	False	-3.99	False
13097	17-10-2025 2:53:03	21.47	4.67	-3.7	91.0	65.0	88.0	21.97202	77.72858	7.48	81.33333	21.47	False	4.67	False	-3.7	False
13098	17-10-2025 2:53:03	20.29	3.38	-3.62	85.0	91.0	88.0	20.5696	80.54226	6.68333	88.0	20.29	False	3.38	False	-3.62	False
13099	17-10-2025 2:53:03	20.67	3.59	-2.51	89.0	92.0	84.0	20.97944	80.14706	7.25	88.33333	20.67	False	3.59	False	-2.51	False
13100	17-10-2025 2:53:04	22.99	-0.8	-0.96	90.0	86.0	93.0	23.00392	91.99296	7.07667	89.66667	22.99	False	-0.7999999999999998	False	-0.96	False
13101	17-10-2025 2:53:04	22.49	0.55	-1.08	94.0	85.0	93.0	22.49672	88.59909	7.32	90.66667	22.49	False	0.55	False	-1.08	False
13102	17-10-2025 2:53:04	20.63	3.11	-0.37	92.0	84.0	94.0	20.8631	81.42714	7.79	90.0	20.63	False	3.11	False	-0.37	False
13103	17-10-2025 2:53:04	20.97	1.99	-0.47	90.0	85.0	89.0	21.06421	84.57901	7.49667	88.0	20.97	False	1.99	False	-0.47	False
13104	17-10-2025 2:53:04	22.14	2.31	-0.04	90.0	71.0	89.0	22.26018	84.04354	8.13667	83.33333	22.14	False	2.31	False	-0.03999999999999998	False
13105	17-10-2025 2:53:04	21.72	1.55	1.59	90.0	79.0	88.0	21.77524	85.91813	8.28667	85.66667	21.72	False	1.55	False	1.59	False
13106	17-10-2025 2:53:04	21.13	1.19	2.05	91.0	87.0	95.0	21.16348	86.77662	8.12333	91.0	21.13	False	1.19	False	2.05	False
13107	17-10-2025 2:53:04	22.27	1.93	0.93	81.0	86.0	93.0	22.35347	85.04691	8.37667	86.66667	22.27	False	1.93	False	0.93	False
13108	17-10-2025 2:53:04	24.31	-3.05	0.32	91.0	84.0	90.0	24.50058	97.15112	7.19333	88.33333	24.31	False	-3.05	False	0.32	False
13109	17-10-2025 2:53:04	21.18	-3.38	-0.2	78.0	78.0	88.0	21.448	99.06706	5.86667	81.33333	21.18	False	-3.38	False	-0.19999999999999996	False
13110	17-10-2025 2:53:04	20.67	-1.01	0.24	83.0	85.0	85.0	20.69466	92.79742	6.63333	84.33333	20.67	False	-1.0099999999999998	False	0.24	False
13111	17-10-2025 2:53:04	20.15	-1.77	-0.02	92.0	80.0	87.0	20.22759	95.02004	6.12	86.33333	20.15	False	-1.77	False	-0.020000000000000018	False
13112	17-10-2025 2:53:04	18.24	2.51	-2.41	94.0	75.0	95.0	18.41189	82.16476	6.11333	88.0	18.24	False	2.51	False	-2.41	False
13113	17-10-2025 2:53:04	17.34	4.89	-2.44	89.0	72.0	90.0	18.01632	74.25118	6.59667	83.66667	17.34	False	4.89	False	-2.44	False
13114	17-10-2025 2:53:04	18.81	6.99	-0.25	86.0	83.0	90.0	20.06679	69.61439	8.51667	86.33333	18.81	False	6.99	False	-0.25	False
13115	17-10-2025 2:53:04	19.48	2.33	0.87	95.0	92.0	98.0	19.61885	83.17926	7.56	95.0	19.48	False	2.33	False	0.87	False
13116	17-10-2025 2:53:04	19.89	1.24	0.68	92.0	86.0	97.0	19.92862	86.43263	7.27	91.66667	19.89	False	1.24	False	0.68	False
13117	17-10-2025 2:53:04	19.7	-0.92	0.87	93.0	93.0	96.0	19.72147	92.6738	6.55	94.0	19.7	False	-0.9199999999999999	False	0.87	False
13118	17-10-2025 2:53:04	18.61	1.38	0.62	90.0	88.0	99.0	18.6611	85.75907	6.87	92.33333	18.61	False	1.38	False	0.62	False
13119	17-10-2025 2:53:04	19.31	1.52	0.73	91.0	91.0	92.0	19.36973	85.4992	7.18667	91.33333	19.31	False	1.52	False	0.73	False
13120	17-10-2025 2:53:04	20.41	0.05	1.07	91.0	84.0	92.0	20.41006	89.85964	7.17667	89.0	20.41	False	0.04999999999999982	False	1.07	False
13121	17-10-2025 2:53:04	18.78	2.15	0.81	91.0	87.0	96.0	18.90267	83.46901	7.24667	91.33333	18.78	False	2.15	False	0.81	False
13122	17-10-2025 2:53:04	18.07	2.27	-0.53	84.0	76.0	84.0	18.21202	82.83986	6.60333	81.33333	18.07	False	2.27	False	-0.53	False
13123	17-10-2025 2:53:04	16.82	9.02	-1.5	91.0	74.0	93.0	19.08593	61.79684	8.11333	86.0	16.82	False	9.02	False	-1.5	False
13124	17-10-2025 2:53:04	17.41	7.18	-1.15	90.0	81.0	93.0	18.83243	67.58842	7.81333	88.0	17.41	False	7.18	False	-1.15	False
13125	17-10-2025 2:53:04	15.06	7.9	-1.99	92.0	62.0	87.0	17.00628	62.31992	6.99	80.33333	15.06	False	7.9	False	-1.9900000000000002	False
13126	17-10-2025 2:53:04	16.08	4.64	-2.68	92.0	73.0	90.0	16.73607	73.90412	6.01333	85.0	16.08	False	4.64	False	-2.68	False
13127	17-10-2025 2:53:04	16.72	1.47	-2.07	92.0	84.0	96.0	16.7845	84.97555	5.37333	90.66667	16.72	False	1.47	False	-2.07	False
13128	17-10-2025 2:53:04	15.96	3.24	-2.03	94.0	70.0	90.0	16.28555	78.52447	5.72333	84.66667	15.96	False	3.24	False	-2.03	False
13129	17-10-2025 2:53:04	16.38	4.34	-1.63	88.0	74.0	90.0	16.94521	75.16006	6.36333	84.0	16.38	False	4.34	False	-1.63	False
13130	17-10-2025 2:53:04	16.71	2.23	-0.27	89.0	81.0	87.0	16.85814	82.39862	6.22333	85.66667	16.71	False	2.23	False	-0.27	False
13131	17-10-2025 2:53:04	15.86	1.04	0.33	92.0	90.0	97.0	15.89406	86.24827	5.74333	93.0	15.86	False	1.04	False	0.33	False
13132	17-10-2025 2:53:04	15.91	1.58	0.31	90.0	73.0	96.0	15.98826	84.32863	5.93333	86.33333	15.91	False	1.58	False	0.31	False
13133	17-10-2025 2:53:04	14.59	3.49	-0.1	95.0	90.0	98.0	15.00161	76.54735	5.99333	94.33333	14.59	False	3.49	False	-0.09999999999999998	False
13134	17-10-2025 2:53:04	15.06	1.66	0.11	95.0	95.0	94.0	15.15121	83.70992	5.61	94.66667	15.06	False	1.66	False	0.10999999999999999	False
13135	17-10-2025 2:53:04	15.35	0.53	0.34	96.0	90.0	98.0	15.35915	88.02249	5.40667	94.66667	15.35	False	0.53	False	0.34	False
13136	17-10-2025 2:53:04	14.73	0.75	0.23	92.0	83.0	93.0	14.74908	87.08522	5.23667	89.33333	14.73	False	0.75	False	0.23	False
13137	17-10-2025 2:53:04	15.31	0.89	0.24	90.0	84.0	92.0	15.33585	86.67303	5.48	88.66667	15.31	False	0.8900000000000001	False	0.24	False
13138	17-10-2025 2:53:04	16.43	-2.06	0.68	92.0	91.0	93.0	16.55864	97.14648	5.01667	92.0	16.43	False	-2.0600000000000005	False	0.68	False
13139	17-10-2025 2:53:04	17.93	-1.21	0.54	93.0	94.0	96.0	17.97078	93.86073	5.75333	94.33333	17.93	False	-1.21	False	0.54	False
13140	17-10-2025 2:53:04	20.54	2.17	-0.44	92.0	88.0	92.0	20.65431	83.96921	7.42333	90.66667	20.54	False	2.17	False	-0.43999999999999995	False
13141	17-10-2025 2:53:05	20.5	3.2	-0.9	92.0	91.0	88.0	20.74825	81.12787	7.6	90.33333	20.5	False	3.2	False	-0.8999999999999999	False
13142	17-10-2025 2:53:05	19.96	3.44	-0.85	91.0	88.0	88.0	20.25426	80.22144	7.51667	89.0	19.96	False	3.44	False	-0.8500000000000001	False
13143	17-10-2025 2:53:05	20.4	3.31	-0.43	95.0	90.0	97.0	20.66679	80.7838	7.76	94.0	20.4	False	3.31	False	-0.42999999999999994	False
13144	17-10-2025 2:53:05	18.57	3.11	-0.69	91.0	84.0	93.0	18.82862	80.49265	6.99667	89.33333	18.57	False	3.11	False	-0.69	False
13145	17-10-2025 2:53:05	17.55	6.36	-0.78	88.0	77.0	91.0	18.66687	70.07983	7.71	85.33333	17.55	False	6.36	False	-0.78	False
13146	17-10-2025 2:53:05	19.45	2.76	0.07	87.0	85.0	89.0	19.64485	81.92352	7.42667	87.0	19.45	False	2.76	False	0.07	False
13147	17-10-2025 2:53:05	20.45	1.7	0.43	91.0	93.0	93.0	20.52054	85.24795	7.52667	92.33333	20.45	False	1.7	False	0.43	False
13148	17-10-2025 2:53:05	20.62	1.09	0.64	89.0	77.0	95.0	20.64879	86.97409	7.45	87.0	20.62	False	1.09	False	0.64	False
13149	17-10-2025 2:53:05	20.37	2.14	0.95	89.0	92.0	94.0	20.4821	84.00271	7.82	91.66667	20.37	False	2.14	False	0.95	False
13150	17-10-2025 2:53:05	19.85	1.57	1.09	94.0	91.0	94.0	19.91199	85.47771	7.50333	93.0	19.85	False	1.57	False	1.09	False
13151	17-10-2025 2:53:05	19.11	2.58	1.67	87.0	85.0	96.0	19.28337	82.31111	7.78667	89.33333	19.11	False	2.58	False	1.67	False
13152	17-10-2025 2:53:05	19.99	-0.16	2.39	95.0	92.0	93.0	19.99064	90.45859	7.40667	93.33333	19.99	False	-0.16000000000000014	False	2.39	False
13153	17-10-2025 2:53:05	18.6	0.44	1.93	90.0	92.0	94.0	18.6052	88.64487	6.99	92.0	18.6	False	0.43999999999999995	False	1.93	False
13154	17-10-2025 2:53:05	19.31	2.61	0.49	92.0	89.0	95.0	19.48559	82.30237	7.47	92.0	19.31	False	2.61	False	0.49	False
13155	17-10-2025 2:53:05	18.07	3.64	0.01	92.0	90.0	96.0	18.43297	78.61082	7.24	92.66667	18.07	False	3.64	False	0.010000000000000009	False
13156	17-10-2025 2:53:05	18.16	2.45	1.13	88.0	96.0	96.0	18.32452	82.31651	7.24667	93.33333	18.16	False	2.45	False	1.13	False
13157	17-10-2025 2:53:05	19.42	2.21	0.29	92.0	89.0	96.0	19.54534	83.50766	7.30667	92.33333	19.42	False	2.21	False	0.29	False
13158	17-10-2025 2:53:05	17.52	5.02	0.59	93.0	74.0	96.0	18.225	74.01142	7.71	87.66667	17.52	False	5.02	False	0.59	False
13159	17-10-2025 2:53:05	16.58	4.36	0.26	96.0	78.0	97.0	17.14369	75.26664	7.06667	90.33333	16.58	False	4.36	False	0.26	False
13160	17-10-2025 2:53:05	18.8	1.63	0.58	87.0	94.0	94.0	18.87053	85.04473	7.00333	91.66667	18.8	False	1.63	False	0.58	False
13161	17-10-2025 2:53:05	18.93	-1.3	0.99	92.0	93.0	94.0	18.97459	93.92857	6.20667	93.0	18.93	False	-1.2999999999999998	False	0.99	False
13162	17-10-2025 2:53:05	17.41	1.16	-0.5	90.0	73.0	88.0	17.4486	86.18811	6.02333	83.66667	17.41	False	1.16	False	-0.5	False
13163	17-10-2025 2:53:05	19.6	-0.32	-0.76	87.0	83.0	86.0	19.60261	90.93536	6.17333	85.33333	19.6	False	-0.31999999999999984	False	-0.76	False
13164	17-10-2025 2:53:05	23.09	-0.35	0.26	76.0	87.0	87.0	23.09265	90.86843	7.66667	83.33333	23.09	False	-0.3500000000000001	False	0.26	False
13165	17-10-2025 2:53:05	24.55	-2.56	1.06	91.0	89.0	92.0	24.68311	95.95312	7.68333	90.66667	24.55	False	-2.5600000000000005	False	1.06	False
13166	17-10-2025 2:53:05	24.03	-1.11	0.89	80.0	82.0	91.0	24.05562	92.64474	7.93667	84.33333	24.03	False	-1.1100000000000003	False	0.89	False
13167	17-10-2025 2:53:05	21.46	-0.71	1.58	88.0	86.0	88.0	21.47174	91.89493	7.44333	87.33333	21.46	False	-0.71	False	1.58	False
13168	17-10-2025 2:53:05	21.98	-1.35	2.15	77.0	89.0	91.0	22.02142	93.51466	7.59333	85.66667	21.98	False	-1.35	False	2.15	False
13169	17-10-2025 2:53:05	21.91	-0.89	0.9	95.0	93.0	96.0	21.92807	92.32612	7.30667	94.66667	21.91	False	-0.8900000000000001	False	0.9	False
13170	17-10-2025 2:53:05	20.24	-0.18	0.72	86.0	86.0	94.0	20.2408	90.50953	6.92667	88.66667	20.24	False	-0.18000000000000016	False	0.72	False
13171	17-10-2025 2:53:05	18.26	-2.23	1.2	82.0	90.0	91.0	18.39567	96.96276	5.74333	87.66667	18.26	False	-2.2300000000000004	False	1.2	False
13172	17-10-2025 2:53:05	16.31	1.14	-0.67	91.0	75.0	89.0	16.34979	86.00177	5.59333	85.0	16.31	False	1.14	False	-0.6699999999999999	False
13173	17-10-2025 2:53:05	18.04	1.98	1.65	83.0	86.0	95.0	18.14833	83.73651	7.22333	88.0	18.04	False	1.98	False	1.65	False
13174	17-10-2025 2:53:05	18.4	3.06	1.39	90.0	88.0	93.0	18.65271	80.55788	7.61667	90.33333	18.4	False	3.06	False	1.39	False
13175	17-10-2025 2:53:05	17.69	6.05	0.14	92.0	85.0	95.0	18.69595	71.11925	7.96	90.66667	17.69	False	6.05	False	0.14	False
13176	17-10-2025 2:53:05	17.83	4.49	0.64	96.0	90.0	96.0	18.38665	75.8655	7.65333	94.0	17.83	False	4.49	False	0.64	False
13177	17-10-2025 2:53:05	17.14	4.66	0.17	95.0	94.0	95.0	17.76218	74.79015	7.32333	94.66667	17.14	False	4.66	False	0.17	False
13178	17-10-2025 2:53:05	16.26	6.7	0.24	96.0	90.0	90.0	17.58629	67.60569	7.73333	92.0	16.26	False	6.7	False	0.24	False
13179	17-10-2025 2:53:05	16.16	5.31	0.65	96.0	91.0	94.0	17.01005	71.81004	7.37333	93.66667	16.16	False	5.31	False	0.65	False
13180	17-10-2025 2:53:06	15.51	5.58	1.05	92.0	78.0	96.0	16.48322	70.2129	7.38	88.66667	15.51	False	5.58	False	1.05	False
13181	17-10-2025 2:53:06	15.85	8.03	-0.23	88.0	69.0	88.0	17.76804	63.1321	7.88333	81.66667	15.85	False	8.03	False	-0.22999999999999998	False
13182	17-10-2025 2:53:06	15.77	6.13	-0.53	93.0	72.0	91.0	16.91951	68.75826	7.12333	85.33333	15.77	False	6.13	False	-0.53	False
13183	17-10-2025 2:53:06	16.8	4.31	-1.5	97.0	74.0	92.0	17.34405	75.61122	6.53667	87.66667	16.8	False	4.31	False	-1.5	False
13184	17-10-2025 2:53:06	16.86	2.18	-0.86	94.0	88.0	86.0	17.00035	82.63252	6.06	89.33333	16.86	False	2.18	False	-0.8599999999999999	False
13185	17-10-2025 2:53:06	16.75	0.83	0.56	90.0	95.0	88.0	16.77055	87.16319	6.04667	91.0	16.75	False	0.8300000000000001	False	0.56	False
13186	17-10-2025 2:53:06	19.19	1.94	0.4	95.0	94.0	93.0	19.28781	84.22733	7.17667	94.0	19.19	False	1.94	False	0.4	False
13187	17-10-2025 2:53:06	17.87	3.19	-0.28	95.0	91.0	97.0	18.15249	79.87866	6.92667	94.33333	17.87	False	3.19	False	-0.28	False
13188	17-10-2025 2:53:06	19.57	3.11	0.59	89.0	91.0	91.0	19.81558	80.97025	7.75667	90.33333	19.57	False	3.11	False	0.59	False
13189	17-10-2025 2:53:06	21.42	3.51	0.02	87.0	87.0	84.0	21.70568	80.6939	8.31667	86.0	21.42	False	3.51	False	0.020000000000000018	False
13190	17-10-2025 2:53:06	22.08	3.35	-0.25	89.0	82.0	95.0	22.33269	81.37282	8.39333	88.66667	22.08	False	3.35	False	-0.25	False
13191	17-10-2025 2:53:06	21.79	4.8	-0.14	89.0	92.0	94.0	22.31242	77.57703	8.81667	91.66667	21.79	False	4.8	False	-0.14	False
13192	17-10-2025 2:53:06	23.87	4.56	-0.62	92.0	98.0	96.0	24.30166	79.18482	9.27	95.33333	23.87	False	4.56	False	-0.6200000000000001	False
13193	17-10-2025 2:53:06	24.38	4.9	-0.91	96.0	89.0	94.0	24.86754	78.63584	9.45667	93.0	24.38	False	4.9	False	-0.9100000000000001	False
13194	17-10-2025 2:53:06	24.03	4.38	-1.15	94.0	91.0	96.0	24.42591	79.66998	9.08667	93.66667	24.03	False	4.38	False	-1.15	False
13195	17-10-2025 2:53:06	22.53	6.47	-0.88	95.0	91.0	96.0	23.4406	73.97738	9.37333	94.0	22.53	False	6.47	False	-0.8799999999999999	False
13196	17-10-2025 2:53:06	22.35	7.99	-0.47	92.0	86.0	97.0	23.73526	70.32831	9.95667	91.66667	22.35	False	7.99	False	-0.47	False
13197	17-10-2025 2:53:06	21.75	7.09	0.06	94.0	77.0	92.0	22.87642	71.94522	9.63333	87.66667	21.75	False	7.09	False	0.06	False
13198	17-10-2025 2:53:06	19.76	9.7	1.42	91.0	80.0	95.0	22.01244	63.85401	10.29333	88.66667	19.76	False	9.7	False	1.42	False
13199	17-10-2025 2:53:06	20.76	4.51	0.65	92.0	86.0	95.0	21.24424	77.74325	8.64	91.0	20.76	False	4.51	False	0.65	False
13200	17-10-2025 2:53:06	21.03	5.24	0.59	95.0	91.0	92.0	21.67299	76.00864	8.95333	92.66667	21.03	False	5.24	False	0.59	False
13201	17-10-2025 2:53:06	21.19	3.1	1.18	92.0	83.0	95.0	21.41556	81.67693	8.49	90.0	21.19	False	3.1	False	1.18	False
13202	17-10-2025 2:53:06	21.91	2.09	1.14	94.0	95.0	96.0	22.00946	84.55103	8.38	95.0	21.91	False	2.09	False	1.14	False
13203	17-10-2025 2:53:06	22.33	3.01	0.19	95.0	91.0	95.0	22.53195	82.32302	8.51	93.66667	22.33	False	3.01	False	0.19	False
13204	17-10-2025 2:53:06	22.53	4.87	-0.14	94.0	88.0	96.0	23.05033	77.80281	9.08667	92.66667	22.53	False	4.87	False	-0.14	False
13205	17-10-2025 2:53:06	23.12	4.05	0.26	89.0	81.0	91.0	23.47204	80.06414	9.14333	87.0	23.12	False	4.05	False	0.26	False
13206	17-10-2025 2:53:06	21.69	4.92	0.63	80.0	88.0	96.0	22.24101	77.21971	9.08	88.0	21.69	False	4.92	False	0.63	False
13207	17-10-2025 2:53:06	21.52	5.05	-0.2	93.0	87.0	93.0	22.10459	76.79362	8.79	91.0	21.52	False	5.05	False	-0.19999999999999996	False
13208	17-10-2025 2:53:06	23.0	4.89	-0.97	93.0	94.0	97.0	23.51408	77.99714	8.97333	94.66667	23.0	False	4.89	False	-0.97	False
13209	17-10-2025 2:53:06	22.03	5.58	-1.27	89.0	74.0	92.0	22.7257	75.78643	8.78	85.0	22.03	False	5.58	False	-1.27	False
13210	17-10-2025 2:53:06	21.72	7.39	-2.14	88.0	84.0	87.0	22.94277	71.20967	8.99	86.33333	21.72	False	7.39	False	-2.14	False
13211	17-10-2025 2:53:06	24.04	2.76	-0.34	89.0	79.0	91.0	24.19792	83.45062	8.82	86.33333	24.04	False	2.76	False	-0.3400000000000001	False
13212	17-10-2025 2:53:06	23.4	0.63	-1.08	92.0	88.0	90.0	23.40848	88.45779	7.65	90.0	23.4	False	0.6299999999999999	False	-1.08	False
13213	17-10-2025 2:53:06	23.11	2.34	-1.87	95.0	89.0	92.0	23.22817	84.21823	7.86	92.0	23.11	False	2.34	False	-1.87	False
13214	17-10-2025 2:53:06	20.26	3.76	-1.6	94.0	86.0	91.0	20.60595	79.48625	7.47333	90.33333	20.26	False	3.76	False	-1.6	False
13215	17-10-2025 2:53:06	20.05	4.96	0.2	84.0	88.0	95.0	20.6544	76.10504	8.40333	89.0	20.05	False	4.96	False	0.2	False
13216	17-10-2025 2:53:06	22.81	5.26	0.61	87.0	94.0	94.0	23.40862	77.01456	9.56	91.66667	22.81	False	5.26	False	0.61	False
13217	17-10-2025 2:53:06	23.31	8.19	-0.86	93.0	87.0	93.0	24.70693	70.64101	10.21333	91.0	23.31	False	8.19	False	-0.8599999999999999	False
13218	17-10-2025 2:53:06	23.58	10.88	-0.96	90.0	76.0	91.0	25.96904	65.23102	11.16667	85.66667	23.58	False	10.88	False	-0.96	False
13219	17-10-2025 2:53:06	24.98	6.52	1.23	78.0	75.0	67.0	25.81687	75.37166	10.91	73.33333	24.98	False	6.52	False	1.23	False
13220	17-10-2025 2:53:07	24.56	5.51	3.42	89.0	81.0	94.0	25.17049	77.35515	11.16333	88.0	24.56	False	5.51	False	3.42	False
13221	17-10-2025 2:53:07	21.64	6.66	2.44	88.0	90.0	92.0	22.64167	72.89355	10.24667	90.0	21.64	False	6.66	False	2.44	False
13222	17-10-2025 2:53:07	18.59	8.6	2.04	87.0	79.0	94.0	20.48287	65.17406	9.74333	86.66667	22.777735768977532	True	8.6	False	2.04	False
13223	17-10-2025 2:53:07	22.4	5.71	2.19	84.0	89.0	89.0	23.11632	75.69925	10.1	87.33333	22.4	False	5.71	False	2.19	False
13224	17-10-2025 2:53:07	22.65	4.19	2.67	89.0	93.0	96.0	23.03429	79.51939	9.83667	92.66667	22.65	False	4.19	False	2.67	False
13225	17-10-2025 2:53:07	24.4	1.9	2.22	84.0	90.0	88.0	24.47386	85.54743	9.50667	87.33333	24.4	False	1.9	False	2.22	False
13226	17-10-2025 2:53:07	20.69	8.92	-0.1	84.0	78.0	93.0	22.53092	66.67786	9.83667	85.0	20.69	False	7.275680323270162	True	-0.09999999999999998	False
13227	17-10-2025 2:53:07	21.45	10.36	1.61	92.0	68.0	94.0	23.82083	64.22021	11.14	84.66667	21.45	False	10.36	False	1.61	False
13228	17-10-2025 2:53:07	23.83	10.07	0.59	95.0	78.0	95.0	25.87033	67.09222	11.49667	89.33333	23.83	False	10.07	False	0.59	False
13229	17-10-2025 2:53:07	21.14	11.33	0.51	86.0	70.0	88.0	23.98476	61.81088	10.99333	81.33333	21.14	False	11.33	False	0.51	False
13230	17-10-2025 2:53:07	23.44	7.31	2.57	78.0	82.0	93.0	24.55341	72.67938	11.10667	84.33333	23.44	False	5.344965782242607	True	2.57	False
13231	17-10-2025 2:53:07	22.42	9.32	2.85	90.0	92.0	95.0	24.28001	67.42733	11.53	92.33333	22.42	False	4.767422782046733	True	2.85	False
13232	17-10-2025 2:53:07	20.72	14.82	2.9	89.0	69.0	95.0	25.47451	54.42572	12.81333	84.33333	20.72	False	4.174420562798868	True	2.9	False
13233	17-10-2025 2:53:07	22.71	10.14	2.54	85.0	76.0	94.0	24.87094	65.93927	11.79667	85.0	22.71	False	10.14	False	2.54	False
13234	17-10-2025 2:53:07	23.18	12.18	3.75	77.0	73.0	85.0	26.1852	62.28019	13.03667	78.33333	23.18	False	3.1250803395747333	True	3.75	False
13235	17-10-2025 2:53:07	24.75	0.86	6.07	87.0	83.0	92.0	24.76494	88.00992	10.56	87.33333	24.75	False	2.5086874080812684	True	6.07	False
13236	17-10-2025 2:53:07	23.28	-0.85	5.52	85.0	79.0	98.0	23.29551	92.09106	9.31667	87.33333	23.28	False	-0.8500000000000001	False	5.52	False
13237	17-10-2025 2:53:07	23.21	-2.52	5.0	87.0	84.0	95.0	23.3464	96.19655	8.56333	88.66667	23.21	False	-2.5199999999999996	False	5.0	False
13238	17-10-2025 2:53:07	22.66	-1.94	3.48	89.0	83.0	88.0	22.74289	94.89336	8.06667	86.66667	22.66	False	-1.9399999999999995	False	3.48	False
13239	17-10-2025 2:53:07	20.08	0.41	2.52	92.0	93.0	89.0	20.08419	88.83028	7.67	91.33333	20.08	False	0.4099999999999999	False	2.52	False
13240	17-10-2025 2:53:07	18.07	-2.1	2.96	90.0	91.0	87.0	18.19162	96.62888	6.31	89.33333	18.07	False	-2.0999999999999996	False	2.96	False
13241	17-10-2025 2:53:07	17.75	0.23	1.72	96.0	92.0	95.0	17.75149	89.25762	6.56667	94.33333	17.75	False	0.22999999999999998	False	1.72	False
13242	17-10-2025 2:53:07	16.14	0.75	1.34	94.0	88.0	95.0	16.15742	87.33947	6.07667	92.33333	16.14	False	0.75	False	1.34	False
13243	17-10-2025 2:53:07	12.16	7.81	2.18	87.0	57.0	90.0	14.45205	57.28859	7.38333	78.0	12.16	False	-0.14847716494788088	True	2.18	False
13244	17-10-2025 2:53:07	12.85	2.26	3.11	88.0	75.0	93.0	13.04723	80.02509	6.07333	85.33333	12.85	False	2.26	False	3.11	False
13245	17-10-2025 2:53:07	13.22	-0.74	2.77	95.0	78.0	98.0	13.2407	93.20383	5.08333	90.33333	13.22	False	-0.7400000000000002	False	2.77	False
13246	17-10-2025 2:53:07	13.34	-0.08	2.93	92.0	91.0	98.0	13.34024	90.3436	5.39667	93.66667	13.34	False	-0.08000000000000007	False	2.93	False
13247	17-10-2025 2:53:07	13.26	1.39	3.71	90.0	85.0	95.0	13.33265	84.01574	6.12	90.0	13.26	False	1.39	False	3.71	False
13248	17-10-2025 2:53:07	13.0	1.01	4.66	89.0	92.0	98.0	13.03918	85.55748	6.22333	93.0	13.0	False	1.01	False	4.66	False
13249	17-10-2025 2:53:07	14.24	-0.26	4.05	87.0	88.0	93.0	14.24237	91.04601	6.01	89.33333	14.24	False	-0.2599999999999998	False	4.05	False
13250	17-10-2025 2:53:07	14.31	1.59	3.3	91.0	76.0	93.0	14.39806	83.65981	6.4	86.66667	14.31	False	1.59	False	3.3	False
13251	17-10-2025 2:53:07	14.99	1.17	3.64	87.0	84.0	94.0	15.03559	85.537	6.6	88.33333	14.99	False	1.17	False	3.64	False
13252	17-10-2025 2:53:07	16.57	1.9	3.82	81.0	93.0	94.0	16.67858	83.45874	7.43	89.33333	16.57	False	1.9	False	3.82	False
13253	17-10-2025 2:53:07	18.52	1.68	4.88	89.0	94.0	97.0	18.59604	84.81673	8.36	93.33333	18.52	False	1.68	False	4.88	False
13254	17-10-2025 2:53:07	18.58	1.75	4.68	88.0	91.0	94.0	18.66223	84.61934	8.33667	91.0	18.58	False	1.75	False	4.68	False
13255	17-10-2025 2:53:07	19.68	1.29	4.14	89.0	94.0	97.0	19.72223	86.2497	8.37	93.33333	19.68	False	1.29	False	4.14	False
13256	17-10-2025 2:53:07	19.31	2.33	2.2	69.0	88.0	93.0	19.45006	83.11979	7.94667	83.33333	19.31	False	2.33	False	2.2	False
13257	17-10-2025 2:53:07	17.9	4.94	1.15	89.0	90.0	96.0	18.56916	74.57168	7.99667	91.66667	17.9	False	4.94	False	1.15	False
13258	17-10-2025 2:53:07	17.85	4.6	0.92	95.0	92.0	95.0	18.43319	75.54912	7.79	94.0	17.85	False	4.6	False	0.92	False
13259	17-10-2025 2:53:07	16.3	5.62	1.9	92.0	88.0	89.0	17.24165	70.97656	7.94	89.66667	16.3	False	5.62	False	1.9	False
13260	17-10-2025 2:53:07	17.77	1.32	3.21	86.0	92.0	97.0	17.81896	85.75173	7.43333	91.66667	17.77	False	1.32	False	3.21	False
13261	17-10-2025 2:53:08	18.23	1.92	2.78	92.0	95.0	95.0	18.33083	83.98772	7.64333	94.0	18.23	False	1.92	False	2.78	False
13262	17-10-2025 2:53:08	19.01	4.21	1.35	94.0	87.0	97.0	19.4706	77.51269	8.19	92.66667	19.01	False	4.21	False	1.35	False
13263	17-10-2025 2:53:08	16.72	3.66	1.91	94.0	90.0	97.0	17.1159	77.65274	7.43	93.66667	16.72	False	3.66	False	1.91	False
13264	17-10-2025 2:53:08	17.84	4.96	2.41	92.0	89.0	97.0	18.51667	74.46264	8.40333	92.66667	17.84	False	4.96	False	2.41	False
13265	17-10-2025 2:53:08	15.98	3.12	2.36	88.0	96.0	98.0	16.28173	78.95232	7.15333	94.0	15.98	False	3.12	False	2.36	False
13266	17-10-2025 2:53:08	17.49	2.85	2.78	93.0	95.0	98.0	17.72068	80.74498	7.70667	95.33333	17.49	False	2.85	False	2.78	False
13267	17-10-2025 2:53:08	16.1	1.28	3.64	84.0	93.0	94.0	16.1508	85.45437	7.00667	90.33333	16.1	False	1.28	False	3.64	False
13268	17-10-2025 2:53:08	16.59	0.9	2.33	89.0	89.0	94.0	16.6144	86.89477	6.60667	90.66667	16.59	False	0.8999999999999999	False	2.33	False
13269	17-10-2025 2:53:08	15.34	4.66	1.57	96.0	85.0	98.0	16.03219	73.10222	7.19	93.0	15.34	False	4.66	False	1.57	False
13270	17-10-2025 2:53:08	16.65	2.67	1.46	95.0	92.0	95.0	16.86272	80.88959	6.92667	94.0	16.65	False	2.67	False	1.46	False
13271	17-10-2025 2:53:08	16.44	-0.41	1.99	93.0	86.0	97.0	16.44511	91.42861	6.00667	92.0	16.44	False	-0.41000000000000014	False	1.99	False
13272	17-10-2025 2:53:08	15.25	-0.84	1.9	96.0	91.0	98.0	15.27312	93.15278	5.43667	95.0	15.25	False	-0.8399999999999999	False	1.9	False
13273	17-10-2025 2:53:08	15.25	-1.63	1.86	96.0	96.0	97.0	15.33686	96.10091	5.16	96.33333	15.25	False	-1.63	False	1.86	False
13274	17-10-2025 2:53:08	16.18	-3.24	1.53	92.0	91.0	97.0	16.50121	101.32355	4.82333	93.33333	16.18	False	-3.24	False	1.53	False
13275	17-10-2025 2:53:08	17.18	-6.06	-0.15	93.0	92.0	98.0	18.21746	109.42957	3.65667	94.33333	17.18	False	-6.059999999999999	False	-0.15000000000000002	False
13276	17-10-2025 2:53:08	16.85	-3.11	-0.79	97.0	86.0	96.0	17.1346	100.45738	4.31667	93.0	16.85	False	-3.1099999999999994	False	-0.79	False
13277	17-10-2025 2:53:08	16.1	0.77	-0.56	95.0	88.0	95.0	16.1184	87.26185	5.43667	92.66667	16.1	False	0.77	False	-0.56	False
13278	17-10-2025 2:53:08	17.96	-0.81	0.15	93.0	79.0	93.0	17.97826	92.5823	5.76667	88.33333	17.96	False	-0.81	False	0.15	False
13279	17-10-2025 2:53:08	17.78	-0.1	-1.75	91.0	90.0	88.0	17.78028	90.32225	5.31	89.66667	17.78	False	-0.10000000000000009	False	-1.75	False
13280	17-10-2025 2:53:08	19.41	1.71	-2.5	92.0	82.0	88.0	19.48518	84.9653	6.20667	87.33333	19.41	False	1.71	False	-2.5	False
13281	17-10-2025 2:53:08	20.54	1.38	-2.34	93.0	85.0	90.0	20.58631	86.1563	6.52667	89.33333	20.54	False	1.38	False	-2.34	False
13282	17-10-2025 2:53:08	19.28	1.85	-1.01	90.0	85.0	92.0	19.36855	84.519	6.70667	89.0	19.28	False	1.85	False	-1.01	False
13283	17-10-2025 2:53:08	19.0	2.78	-0.85	96.0	86.0	97.0	19.2023	81.67579	6.97667	93.0	19.0	False	2.78	False	-0.8500000000000001	False
13284	17-10-2025 2:53:08	20.28	2.42	-0.28	84.0	86.0	90.0	20.42388	83.19511	7.47333	86.66667	20.28	False	2.42	False	-0.28	False
13285	17-10-2025 2:53:08	21.39	3.5	0.43	94.0	88.0	91.0	21.67446	80.70717	8.44	91.0	21.39	False	3.5	False	0.43	False
13286	17-10-2025 2:53:08	20.95	2.1	0.17	93.0	82.0	96.0	21.05499	84.27587	7.74	90.33333	20.95	False	2.1	False	0.17	False
13287	17-10-2025 2:53:08	20.5	3.6	1.57	83.0	87.0	94.0	20.8137	80.03986	8.55667	88.0	20.5	False	3.6	False	1.57	False
13288	17-10-2025 2:53:08	21.07	-1.5	3.03	88.0	79.0	92.0	21.12333	94.07209	7.53333	86.33333	21.07	False	-1.5	False	3.03	False
13289	17-10-2025 2:53:08	20.85	-2.96	2.86	90.0	88.0	95.0	21.05906	98.08008	6.91667	91.0	20.85	False	-2.96	False	-0.7117231365272918	True
13290	17-10-2025 2:53:08	20.6	-2.16	0.23	86.0	81.0	83.0	20.71293	95.98584	6.22333	83.33333	20.6	False	-2.16	False	-0.9795371935624306	True
13291	17-10-2025 2:53:08	21.31	1.99	-1.92	86.0	72.0	91.0	21.40271	84.665	7.12667	83.0	21.31	False	1.99	False	-1.92	False
13292	17-10-2025 2:53:08	21.25	-0.93	0.05	92.0	76.0	94.0	21.27034	92.50593	6.79	87.33333	21.25	False	-0.9300000000000002	False	0.04999999999999999	False
13293	17-10-2025 2:53:08	22.28	-2.14	-2.34	88.0	81.0	88.0	22.38254	95.48644	5.93333	85.66667	22.28	False	-2.1400000000000006	False	-2.34	False
13294	17-10-2025 2:53:08	19.9	-0.23	-4.14	94.0	77.0	93.0	19.90133	90.66218	5.17667	88.0	19.9	False	-0.22999999999999998	False	-4.14	False
13295	17-10-2025 2:53:08	21.95	-0.68	-3.48	90.0	80.0	92.0	21.96053	91.77443	5.93	87.33333	21.95	False	-0.6800000000000002	False	-3.48	False
13296	17-10-2025 2:53:08	20.28	-0.56	-2.96	87.0	85.0	91.0	20.28773	91.58173	5.58667	87.66667	20.28	False	-0.56	False	-2.96	False
13297	17-10-2025 2:53:08	18.1	2.54	-3.73	90.0	80.0	75.0	18.27735	82.01176	5.63667	81.66667	18.1	False	2.54	False	-3.7300000000000004	False
13298	17-10-2025 2:53:08	19.61	2.77	-3.6	93.0	85.0	88.0	19.80467	81.95991	6.26	88.66667	19.61	False	2.77	False	-3.6	False
13299	17-10-2025 2:53:08	19.6	2.08	-2.74	88.0	78.0	89.0	19.71006	83.9423	6.31333	85.0	19.6	False	2.08	False	-2.74	False
13300	17-10-2025 2:53:09	20.58	1.74	-3.5	83.0	80.0	92.0	20.65343	85.16724	6.27333	85.0	20.58	False	1.74	False	-3.5	False
13301	17-10-2025 2:53:09	19.36	-0.78	-3.78	83.0	76.0	81.0	19.37571	92.30716	4.93333	80.0	19.36	False	-0.7800000000000002	False	-3.7799999999999994	False
13302	17-10-2025 2:53:09	21.79	-5.39	-2.83	85.0	78.0	92.0	22.44674	103.89386	4.52333	85.0	21.79	False	-5.39	False	-2.83	False
13303	17-10-2025 2:53:09	19.67	-2.6	-4.17	86.0	65.0	72.0	19.84109	97.52976	4.3	74.33333	19.67	False	-2.5999999999999996	False	-4.17	False
13304	17-10-2025 2:53:09	21.12	-2.45	-2.87	87.0	63.0	88.0	21.26163	96.61695	5.26667	79.33333	21.12	False	-2.45	False	-2.87	False
13305	17-10-2025 2:53:09	22.45	-1.8	-2.07	92.0	83.0	88.0	22.52204	94.58406	6.19333	87.66667	22.45	False	-1.7999999999999998	False	-2.07	False
13306	17-10-2025 2:53:09	20.38	1.15	-2.01	84.0	71.0	82.0	20.41242	86.77035	6.50667	79.0	20.38	False	1.15	False	-2.01	False
13307	17-10-2025 2:53:09	21.07	-1.0	-0.33	89.0	84.0	85.0	21.09372	92.71727	6.58	86.0	21.07	False	-1.0	False	-0.33000000000000007	False
13308	17-10-2025 2:53:09	18.96	-2.97	0.69	95.0	84.0	82.0	19.19121	98.90278	5.56	87.0	18.96	False	-2.9700000000000006	False	0.69	False
13309	17-10-2025 2:53:09	19.72	-2.85	0.67	85.0	81.0	94.0	19.92488	98.22364	5.84667	86.66667	19.72	False	-2.8499999999999996	False	0.67	False
13310	17-10-2025 2:53:09	19.94	-2.93	1.26	91.0	93.0	93.0	20.15412	98.35927	6.09	92.33333	19.94	False	-2.9299999999999997	False	1.26	False
13311	17-10-2025 2:53:09	18.9	-3.22	0.97	89.0	92.0	88.0	19.17233	99.66867	5.55	89.66667	18.9	False	-3.2200000000000006	False	0.97	False
13312	17-10-2025 2:53:09	17.4	-1.3	-0.57	91.0	90.0	90.0	17.4485	94.27278	5.17667	90.33333	17.4	False	-1.2999999999999998	False	-0.57	False
13313	17-10-2025 2:53:09	18.47	0.97	-0.69	94.0	81.0	96.0	18.49545	86.99373	6.25	90.33333	18.47	False	0.97	False	-0.69	False
13314	17-10-2025 2:53:09	19.0	2.98	-0.63	86.0	84.0	95.0	19.23227	81.08623	7.11667	88.33333	19.0	False	2.98	False	-0.6299999999999999	False
13315	17-10-2025 2:53:09	19.39	1.72	1.02	82.0	93.0	92.0	19.46614	84.93082	7.37667	89.0	19.39	False	1.72	False	1.02	False
13316	17-10-2025 2:53:09	21.63	0.59	1.26	90.0	93.0	96.0	21.63804	88.43753	7.82667	93.0	21.63	False	0.5899999999999999	False	1.26	False
13317	17-10-2025 2:53:09	21.53	1.81	1.66	89.0	96.0	96.0	21.60595	85.19452	8.33333	93.66667	21.53	False	1.81	False	1.66	False
13318	17-10-2025 2:53:09	19.31	-0.11	0.71	95.0	94.0	96.0	19.31031	90.32638	6.63667	95.0	19.31	False	-0.10999999999999988	False	0.71	False
13319	17-10-2025 2:53:09	18.24	1.18	0.92	92.0	89.0	95.0	18.27813	86.29852	6.78	92.0	18.24	False	1.18	False	0.92	False
13320	17-10-2025 2:53:09	19.13	0.46	1.18	93.0	92.0	98.0	19.13553	88.62253	6.92333	94.33333	19.13	False	0.45999999999999996	False	1.18	False
13321	17-10-2025 2:53:09	19.04	0.91	0.83	95.0	91.0	95.0	19.06173	87.26368	6.92667	93.66667	19.04	False	0.9100000000000001	False	0.83	False
13322	17-10-2025 2:53:09	18.42	2.37	0.76	92.0	88.0	96.0	18.57184	82.66835	7.18333	92.0	18.42	False	2.37	False	0.76	False
13323	17-10-2025 2:53:09	18.59	3.32	0.39	93.0	89.0	95.0	18.88413	79.87426	7.43333	92.33333	18.59	False	3.32	False	0.39	False
13324	17-10-2025 2:53:09	17.56	2.2	0.92	93.0	89.0	92.0	17.69728	82.85892	6.89333	91.33333	17.56	False	2.2	False	0.92	False
13325	17-10-2025 2:53:09	16.46	4.17	0.77	91.0	76.0	95.0	16.98	75.78371	7.13333	87.33333	16.46	False	4.17	False	0.77	False
13326	17-10-2025 2:53:09	18.18	1.98	0.98	88.0	79.0	93.0	18.2875	83.78436	7.04667	86.66667	18.18	False	1.98	False	0.98	False
13327	17-10-2025 2:53:09	16.62	1.74	1.57	94.0	88.0	97.0	16.71083	84.0233	6.64333	93.0	16.62	False	1.74	False	1.57	False
13328	17-10-2025 2:53:09	18.41	-1.52	1.64	92.0	86.0	94.0	18.47264	94.71985	6.17667	90.66667	18.41	False	-1.52	False	1.64	False
13329	17-10-2025 2:53:09	18.61	-3.73	1.79	91.0	91.0	96.0	18.98012	101.33361	5.55667	92.66667	18.61	False	-3.7300000000000004	False	1.79	False
13330	17-10-2025 2:53:09	17.17	-2.81	1.69	92.0	75.0	96.0	17.39842	99.29449	5.35	87.66667	17.17	False	-2.8100000000000005	False	1.69	False
13331	17-10-2025 2:53:09	15.11	0.28	1.49	93.0	85.0	96.0	15.11259	88.93839	5.62667	91.33333	15.11	False	0.28	False	1.49	False
13332	17-10-2025 2:53:09	15.15	1.31	1.33	93.0	85.0	96.0	15.20653	85.058	5.93	91.33333	15.15	False	1.31	False	1.33	False
13333	17-10-2025 2:53:09	14.76	2.05	0.38	93.0	78.0	97.0	14.90168	82.09284	5.73	89.33333	14.76	False	2.05	False	0.38	False
13334	17-10-2025 2:53:09	13.67	3.37	0.57	91.0	84.0	93.0	14.07927	76.15129	5.87	89.33333	13.67	False	3.37	False	0.57	False
13335	17-10-2025 2:53:09	14.47	0.17	1.42	93.0	86.0	97.0	14.471	89.32689	5.35333	92.0	14.47	False	0.16999999999999993	False	1.42	False
13336	17-10-2025 2:53:09	15.12	-0.51	1.7	96.0	93.0	94.0	15.1286	91.93186	5.43667	94.33333	15.12	False	-0.5099999999999998	False	1.7	False
13337	17-10-2025 2:53:09	15.45	-0.18	1.28	94.0	91.0	97.0	15.45105	90.66749	5.51667	94.0	15.45	False	-0.18000000000000016	False	1.28	False
13338	17-10-2025 2:53:09	15.76	2.79	0.65	91.0	89.0	93.0	16.00505	79.96091	6.4	91.0	15.76	False	2.79	False	0.65	False
13339	17-10-2025 2:53:09	16.31	-0.05	1.4	89.0	91.0	97.0	16.31008	90.17565	5.88667	92.33333	16.31	False	-0.04999999999999982	False	1.4	False
13340	17-10-2025 2:53:09	15.81	-0.78	1.66	93.0	86.0	98.0	15.82923	92.82445	5.56333	92.33333	15.81	False	-0.7800000000000002	False	1.66	False
13341	17-10-2025 2:53:10	15.96	-0.96	1.39	96.0	93.0	99.0	15.98885	93.44222	5.46333	96.0	15.96	False	-0.96	False	1.39	False
13342	17-10-2025 2:53:10	15.18	-0.69	1.4	97.0	94.0	99.0	15.19567	92.60256	5.29667	96.66667	15.18	False	-0.69	False	1.4	False
13343	17-10-2025 2:53:10	15.43	-1.34	1.61	92.0	93.0	98.0	15.48808	94.96333	5.23333	94.33333	15.43	False	-1.3399999999999999	False	1.61	False
13344	17-10-2025 2:53:10	15.0	-3.71	2.05	94.0	96.0	98.0	15.45199	103.89235	4.44667	96.0	15.0	False	-3.71	False	2.05	False
13345	17-10-2025 2:53:10	15.51	-4.33	1.87	95.0	95.0	98.0	16.10307	105.59839	4.35	96.0	15.51	False	-4.33	False	1.87	False
13346	17-10-2025 2:53:10	15.37	-3.62	0.93	97.0	97.0	98.0	15.79054	103.25299	4.22667	97.33333	15.37	False	-3.62	False	0.93	False
13347	17-10-2025 2:53:10	13.89	0.77	0.29	96.0	88.0	98.0	13.91133	86.82702	4.98333	94.0	13.89	False	0.77	False	0.29	False
13348	17-10-2025 2:53:10	13.74	0.66	-0.15	95.0	85.0	97.0	13.75584	87.24991	4.75	92.33333	13.74	False	0.6600000000000001	False	-0.15000000000000002	False
13349	17-10-2025 2:53:10	12.75	2.95	-0.18	95.0	83.0	97.0	13.08683	76.97257	5.17333	91.66667	12.75	False	2.95	False	-0.17999999999999994	False
13350	17-10-2025 2:53:10	12.65	3.15	0.37	93.0	82.0	96.0	13.0363	76.01705	5.39	90.33333	12.65	False	3.15	False	0.37	False
13351	17-10-2025 2:53:10	16.33	-0.8	1.52	89.0	83.0	94.0	16.34958	92.80465	5.68333	88.66667	16.33	False	-0.7999999999999998	False	1.52	False
13352	17-10-2025 2:53:10	16.06	1.38	1.39	91.0	88.0	93.0	16.11918	85.08877	6.27667	90.66667	16.06	False	1.38	False	1.39	False
13353	17-10-2025 2:53:10	16.56	0.61	0.62	93.0	88.0	98.0	16.57123	87.89042	5.93	93.0	16.56	False	0.6099999999999999	False	0.62	False
13354	17-10-2025 2:53:10	15.98	3.58	1.46	92.0	79.0	90.0	16.3761	77.37252	7.00667	87.0	15.98	False	3.58	False	1.46	False
13355	17-10-2025 2:53:10	16.17	-0.92	2.23	87.0	83.0	94.0	16.19615	93.25636	5.82667	88.0	16.17	False	-0.9199999999999999	False	2.23	False
13356	17-10-2025 2:53:10	16.3	0.49	1.81	93.0	87.0	96.0	16.30736	88.27813	6.2	92.0	16.3	False	0.49	False	1.81	False
13357	17-10-2025 2:53:10	16.82	-2.07	2.33	92.0	90.0	95.0	16.9469	97.01599	5.69333	92.33333	16.82	False	-2.0700000000000003	False	2.33	False
13358	17-10-2025 2:53:10	16.27	-4.18	2.82	88.0	92.0	94.0	16.79837	104.4085	4.97	91.33333	16.27	False	-4.18	False	2.82	False
13359	17-10-2025 2:53:10	17.77	-7.33	3.46	92.0	87.0	95.0	19.22243	112.4158	4.63333	91.33333	17.77	False	-7.33	False	3.46	False
13360	17-10-2025 2:53:10	18.61	-8.32	3.34	88.0	88.0	87.0	20.38515	114.08806	4.54333	87.66667	18.61	False	-8.32	False	3.34	False
13361	17-10-2025 2:53:10	16.84	-8.57	2.84	89.0	85.0	95.0	18.89525	116.97188	3.70333	89.66667	16.84	False	-0.7528446063292087	True	2.84	False
13362	17-10-2025 2:53:10	15.89	-5.9	1.33	92.0	89.0	94.0	16.94999	110.3701	3.77333	91.66667	15.89	False	-0.08719671591044076	True	1.33	False
13363	17-10-2025 2:53:10	15.84	-1.64	0.05	89.0	87.0	92.0	15.92467	95.91108	4.75	89.33333	15.84	False	-1.6399999999999997	False	0.04999999999999999	False
13364	17-10-2025 2:53:10	13.68	-0.71	-0.9	88.0	86.0	89.0	13.69841	92.97102	4.02333	87.66667	13.68	False	-0.71	False	-0.8999999999999999	False
13365	17-10-2025 2:53:10	14.37	1.99	-1.89	97.0	84.0	92.0	14.50714	82.11566	4.82333	91.0	14.37	False	1.99	False	-1.8899999999999997	False
13366	17-10-2025 2:53:10	13.43	8.83	-0.92	91.0	74.0	92.0	16.07277	56.67575	7.11333	85.66667	13.43	False	8.83	False	-0.9199999999999999	False
13367	17-10-2025 2:53:10	13.8	6.44	0.98	82.0	80.0	91.0	15.22871	64.98311	7.07333	84.33333	13.8	False	6.44	False	0.98	False
13368	17-10-2025 2:53:10	13.08	6.51	2.75	85.0	85.0	89.0	14.61049	63.54017	7.44667	86.33333	13.08	False	6.51	False	2.75	False
13369	17-10-2025 2:53:10	15.81	4.31	4.44	82.0	89.0	88.0	16.38695	74.75101	8.18667	86.33333	15.81	False	4.31	False	4.44	False
13370	17-10-2025 2:53:10	18.4	0.6	5.51	87.0	81.0	92.0	18.40978	88.13232	8.17	86.66667	18.4	False	0.6000000000000001	False	5.51	False
13371	17-10-2025 2:53:10	19.28	-0.9	5.17	91.0	89.0	96.0	19.30099	92.67266	7.85	92.0	19.28	False	-0.8999999999999999	False	5.17	False
13372	17-10-2025 2:53:10	17.8	-0.93	5.44	94.0	91.0	96.0	17.82428	92.99082	7.43667	93.66667	17.8	False	-0.9300000000000002	False	5.44	False
13373	17-10-2025 2:53:10	16.49	-0.73	4.09	88.0	89.0	95.0	16.50615	92.53479	6.61667	90.66667	16.49	False	-0.73	False	4.09	False
13374	17-10-2025 2:53:10	16.12	0.09	3.22	91.0	93.0	91.0	16.12025	89.68011	6.47667	91.66667	16.12	False	0.08999999999999986	False	3.22	False
13375	17-10-2025 2:53:10	17.93	1.15	3.39	90.0	91.0	95.0	17.96684	86.33017	7.49	92.0	17.93	False	1.15	False	3.39	False
13376	17-10-2025 2:53:10	20.74	-2.19	2.79	91.0	91.0	96.0	20.8553	96.0277	7.11333	92.66667	20.74	False	-2.1899999999999995	False	2.79	False
13377	17-10-2025 2:53:10	18.9	-0.89	2.35	90.0	96.0	96.0	18.92094	92.69606	6.78667	94.0	18.9	False	-0.8900000000000001	False	2.35	False
13378	17-10-2025 2:53:10	19.61	-0.87	2.04	87.0	87.0	96.0	19.62929	92.54027	6.92667	90.0	19.61	False	-0.8700000000000001	False	2.04	False
13379	17-10-2025 2:53:10	19.52	-1.57	1.21	91.0	83.0	93.0	19.58304	94.59842	6.38667	89.0	19.52	False	-1.5700000000000003	False	1.21	False
13380	17-10-2025 2:53:10	20.31	-3.1	0.44	92.0	93.0	96.0	20.54522	98.67831	5.88333	93.66667	20.31	False	-3.0999999999999996	False	0.44	False
13381	17-10-2025 2:53:11	18.7	-3.19	-1.38	83.0	88.0	86.0	18.97014	99.6808	4.71	85.66667	18.7	False	-3.1899999999999995	False	-1.38	False
13382	17-10-2025 2:53:11	19.38	-2.97	-2.19	91.0	89.0	90.0	19.60626	98.71284	4.74	90.0	19.38	False	-2.9700000000000006	False	-2.19	False
13383	17-10-2025 2:53:11	20.19	-2.42	-0.19	76.0	82.0	82.0	20.33452	96.83494	5.86	80.0	20.19	False	-2.42	False	-0.18999999999999995	False
13384	17-10-2025 2:53:11	21.77	3.62	-2.12	90.0	86.0	88.0	22.06892	80.55902	7.75667	88.0	21.77	False	3.62	False	-2.12	False
13385	17-10-2025 2:53:11	22.0	-0.56	-1.39	90.0	85.0	96.0	22.00713	91.45812	6.68333	90.33333	22.0	False	-0.56	False	-1.39	False
13386	17-10-2025 2:53:11	21.4	-0.57	-1.69	87.0	86.0	91.0	21.40759	91.52574	6.38	88.0	21.4	False	-0.5699999999999998	False	-1.69	False
13387	17-10-2025 2:53:11	20.35	1.14	-2.89	99.0	84.0	97.0	20.38191	86.79366	6.2	93.33333	20.35	False	1.14	False	-2.89	False
13388	17-10-2025 2:53:11	19.43	0.76	-2.72	95.0	87.0	92.0	19.44486	87.76003	5.82333	91.33333	19.43	False	0.76	False	-2.72	False
13389	17-10-2025 2:53:11	14.64	5.58	-2.63	95.0	85.0	94.0	15.66735	69.13578	5.86333	91.33333	14.64	False	5.58	False	-2.63	False
13390	17-10-2025 2:53:11	14.1	4.55	-2.25	95.0	81.0	94.0	14.81595	72.11537	5.46667	90.0	14.1	False	4.55	False	-2.25	False
13391	17-10-2025 2:53:11	13.32	4.82	-1.32	90.0	92.0	90.0	14.16527	70.10674	5.60667	90.66667	13.32	False	4.82	False	-1.32	False
13392	17-10-2025 2:53:11	15.09	3.21	0.09	91.0	93.0	91.0	15.42764	77.99084	6.13	91.66667	15.09	False	3.21	False	0.08999999999999997	False
13393	17-10-2025 2:53:11	15.91	4.81	0.5	84.0	92.0	95.0	16.6212	73.17859	7.07333	90.33333	15.91	False	4.81	False	0.5	False
13394	17-10-2025 2:53:11	16.28	2.95	0.9	94.0	92.0	97.0	16.54512	79.72922	6.71	94.33333	16.28	False	2.95	False	0.9	False
13395	17-10-2025 2:53:11	15.72	2.81	0.06	95.0	92.0	95.0	15.96917	79.86524	6.19667	94.0	15.72	False	2.81	False	0.06	False
13396	17-10-2025 2:53:11	15.86	3.38	0.56	91.0	93.0	95.0	16.21616	77.9694	6.6	93.0	15.86	False	3.38	False	0.56	False
13397	17-10-2025 2:53:11	15.87	4.49	0.83	97.0	90.0	97.0	16.49294	74.20253	7.06333	94.66667	15.87	False	4.49	False	0.83	False
13398	17-10-2025 2:53:11	16.29	6.41	1.42	94.0	92.0	96.0	17.50578	68.52071	8.04	94.0	16.29	False	6.41	False	1.42	False
13399	17-10-2025 2:53:11	15.95	4.22	1.47	96.0	94.0	96.0	16.49882	75.18043	7.21333	95.33333	15.95	False	4.22	False	1.47	False
13400	17-10-2025 2:53:11	15.35	3.45	1.21	96.0	94.0	97.0	15.73293	77.33294	6.67	95.66667	15.35	False	3.45	False	1.21	False
